Прізвище;Ім’я;По батькові;Стать;Дата народження;Посада;Місто проживання;Адреса проживання;Телефон;Email
Черінько;Степан;Михайлович;Чоловіча;1941-11-03;Піаніст;село Горлівка;шосе Танкерна, буд. 64 кв. 22;674 82 29;atamanchukoleksa@example.com
Семенченко;Аліна;Володимирівна;Жіноча;1960-03-15;Реставратор;село Чорноморськ;сквер Стороженка Олега, буд. 265 кв. 80;041 081-85-04;okhrim51@example.net
Чередник;Данна;Михайлівна;Жіноча;1943-11-14;Літературознавець;село Прилуки;узвіз Тещин міст, буд. 538 кв. 487;064 766 84 43;leontii95@example.org
Баран;Пріска;Дмитрівна;Жіноча;1990-12-21;Дерун;місто Олевськ;сквер Аеропортівський 6-й, буд. 5;+380 38 391-91-08;nazarenkosviatoslava@example.com
Носенко;Спас;Романович;Чоловіча;1939-06-10;Правник;селище Звенигородка;парк Кропивницького, буд. 01;309-66-80;venedykt78@example.com
Батюк;Михайло;Володимирович;Чоловіча;1960-05-13;Графік;хутір Бунге;узвіз Рачкова, буд. 3 кв. 44;060 426-69-02;tymofiistelmakh@example.com
Кащенко;Богуслав;Петрович;Чоловіча;1959-07-09;Фізик;місто Почаїв;сквер Ігоря Балмагії, буд. 10;097 956-80-56;iarema66@example.net
Івасюк;Миколай;Володимирович;Чоловіча;1986-03-05;Гінеколог;селище Кам'янка-Бузька;узвіз Буджацька, буд. 218 кв. 2;095 404 50 54;panteleimon21@example.net
Дуплій;Леопольд;Петрович;Чоловіча;1970-12-27;Пілот;хутір Волочиськ;сквер Кордонний, буд. 16;+380 (15) 529-56-36;oryna95@example.com
Скирда;Павло;Юрійович;Чоловіча;1980-11-03;Краєзнавець;село Чугуїв;провулок Ференца Ліста, буд. 75 кв. 31;+380 20 875-16-82;piurchuk@example.com
Микитюк;Геннадій;Григорович;Чоловіча;1973-01-21;Кінорежисер;хутір Берислав;проспект Бориса Кифоренка, буд. 05 кв. 414;499-03-89;andriiovychmarta@example.com
Чумак;Лесь;Ігорович;Чоловіча;2004-08-27;Прокурор;селище Євпаторія;провулок Амбулаторний, буд. 90 кв. 4;+380 91 474-84-83;kiatseniuk@example.com
Вишивана;Марина;Володимирівна;Жіноча;1943-11-13;Краєзнавець;хутір Перемишляни;проспект Локомотивний 2-й, буд. 24 кв. 50;+380 (76) 989-08-39;amvrosii28@example.net
Дейнека;Зиновій;Миколайович;Чоловіча;1956-03-03;Дантист;місто Радехів;парк Ніщинського Композитора, буд. 9;+380 69 299-71-69;mykhailyna37@example.org
Данькевич;Охрім;Миколайович;Чоловіча;1988-09-09;Хімік;село Носівка;парк Миколаївська дорога, буд. 1 кв. 1;+380 50 535 24 69;khomalemeshko@example.org
Вітрук;Віра;Дмитрівна;Жіноча;1961-08-30;Фрілансер;хутір Підгородне;парк Князівська, буд. 8;+380 35 030-27-39;shevchenkovenedykt@example.net
Демʼянюк;Роксолана;Вікторівна;Жіноча;1964-06-14;Мовознавець;місто Хмельницький;узвіз Молоді, буд. 061 кв. 3;041 710-10-37;zakharchenkoandrii@example.net
Франчук;Ігор;Романович;Чоловіча;1962-03-24;Детектив;місто Луцьк;площа Мала Арнаутська, буд. 758;+380 (02) 719-47-55;iustyna92@example.com
Зінчук;Олег;Олегович;Чоловіча;1952-12-28;Візажист;селище Бучач;парк Велика Арнаутська, буд. 53 кв. 272;+380 98 761 45 73;qiaremenko@example.com
Кабаненко;Онисим;Тарасович;Чоловіча;2000-08-23;Золотар;селище Косів;парк Дніпропетровська дорога, буд. 7 кв. 62;+380 05 709-89-54;sviatoslav58@example.com
Заруба;Святослав;Володимирович;Чоловіча;1989-01-17;Біолог;хутір Шахтарськ;площа Гранатна, буд. 39;+380 71 732-31-94;ievhen96@example.net
Остапчук;Марта;Дмитрівна;Жіноча;1963-10-05;Редактор;селище Горлівка;узвіз Штурвальна, буд. 34;079 146-55-35;andrii43@example.net
Бандера;Віолетта;Михайлівна;Жіноча;1940-12-23;Пілот;селище Чистякове;проспект Михайла Божія, буд. 5;020 163-70-45;ypryimak@example.org
Дзиндра;Єва;Андріївна;Жіноча;1985-06-15;Прокурор;хутір Білозерське;площа Полуничний, буд. 37 кв. 944;+380 23 219-55-80;leonshvedchenko@example.net
Артеменко;Владислав;Михайлович;Чоловіча;2007-10-19;Машиніст;хутір Турка;провулок Рибальська балка, буд. 94;034 89 34;vgalagan@example.net
Примаченко;Ірина;Вікторівна;Жіноча;1972-04-29;Клоун;село Підгородне;сквер Немировича-Данченка, буд. 46;034 231 03 86;arkhypenkomakar@example.net
Забарний;Владислав;Богданович;Чоловіча;1957-06-09;Локсмайстер;селище Рубіжне;узвіз Журавлина, буд. 773;012 178-93-22;zorian33@example.org
Швачка;Ірена;Сергіївна;Жіноча;1944-01-21;Євнух;селище Тисмениця;площа Солонцюватий 1-й, буд. 2;064 701 75 08;avhustyn01@example.net
Дзиндра;Марія;Сергіївна;Жіноча;1953-04-28;Кінорежисер;місто Дніпро;вулиця Конструкторський, буд. 50 кв. 8;+380 93 702 65 48;albert60@example.net
Адаменко;Гліб;Олексійович;Чоловіча;1969-12-04;Сценарист;село Федорівка;вулиця Об'їзна дорога, буд. 5;004 574-53-14;ustymreva@example.net
Полтавець;Аліна;Степанівна;Жіноча;1986-03-03;Реставратор;село Бердянськ;сквер Віталія Нестеренка, буд. 822;+380 29 466-00-60;ovcharenkoartem@example.com
Кальченко;Тимофій;Григорович;Чоловіча;1973-06-29;Кухар;місто Монастирище;площа Івахненка Петра, буд. 712;+380 72 777 18 46;abramchukmarusia@example.com
Рябовіл;Симон;Степанович;Чоловіча;2007-04-26;Археолог;селище Володимир-Волинський;шосе Лиманчик 2-й Лінія 1-ша, буд. 15;095 107 64 74;aronetsemiliia@example.net
Опанасенко;Алевтин;Ігорович;Чоловіча;1938-07-18;Ветеринар;місто Білицьке;проспект Аптекарський, буд. 45;808-72-56;chabanliudmyla@example.com
Лесик;Роман;Ігорович;Чоловіча;1943-07-17;Ботанік;місто Бунге;вулиця 7-ма Лінія 6-й ст. Люстдорфської дороги, буд. 974 кв. 2;033 755 99 57;oshchyrytsia@example.net
Журавель;Алевтин;Сергійович;Чоловіча;1970-05-03;Менеджер;хутір Алушта;проспект Гвоздична, буд. 703 кв. 0;+380 62 548 64 23;orkhyp42@example.org
Абраменко;Феофан;Миколайович;Чоловіча;1989-02-26;Прокурор;село Горішні Плавні;набережна узвіз Віталія Блажка, буд. 3 кв. 39;+380 59 407-70-42;xromanets@example.net
Цимбалюк;Арсен;Петрович;Чоловіча;1990-11-28;Флорист;місто Хирів;проспект Михайлівська, буд. 03 кв. 76;175-56-55;vdovenkoodarka@example.com
Свистун;Тереза;Степанівна;Жіноча;2008-10-24;Продюсер;місто Судак;вулиця Олексія Косяченко, буд. 44 кв. 0;+380 50 154 34 39;ievtushenkohryhorii@example.net
Заєць;Роман;Тарасович;Чоловіча;1954-05-28;Флорист;хутір Дунаївці;узвіз Ольгіївський узвіз, буд. 6 кв. 902;097 506 63 67;batihpetro@example.org
Негода;Назар;Андрійович;Чоловіча;2000-02-20;Золотар;село Суходільськ;площа Лінія 22-га, буд. 7;+380 56 943-17-04;venedykt92@example.org
Іщенко;Тимофій;Миколайович;Чоловіча;1978-11-29;Водій;село Чернігів;провулок Академіка Векслера, буд. 2;+380 (03) 587-96-84;nonyshchenko@example.org
Шовкопляс;Дан;Григорович;Чоловіча;1992-01-30;Актор;селище Міусинськ;площа Ризька, буд. 45;+380 08 806-49-93;vadym92@example.net
Вовк;Оксенія;Сергіївна;Жіноча;2002-12-29;Продюсер;місто Заліщики;площа Літакова, буд. 9 кв. 322;+380 35 213 39 95;orkhyp64@example.org
Ґалаґан;Михайло;Богданович;Чоловіча;2008-08-25;Дерун;місто Соледар;шосе Заводська 5-та, буд. 9;434-68-89;jtovstolis@example.net
Корбут;Петро;Тарасович;Чоловіча;1994-07-28;Електромонтер;село Середина-Буда;провулок Горизонтальна, буд. 3 кв. 572;+380 (44) 809-17-71;taras60@example.org
Бабич;Юхим;Анатолійович;Чоловіча;1994-03-29;Різноробочий;село Чуднів;узвіз Відважних, буд. 904;089 660 59 17;kostiantynprokopovych@example.com
Ляшко;Любов;Григорівна;Жіноча;1959-04-21;Співак;місто Горішні Плавні;провулок Шполянська, буд. 8;800 04 90;lutsenkohennadii@example.org
Чуйко;Анастасія;Сергіївна;Жіноча;1962-09-07;Антрополог;хутір Слов'янськ;сквер Керченська, буд. 28;025 828 32 56;vashchukartem@example.com
Абрамчук;Костянтин;Олегович;Чоловіча;1993-03-19;Фізик;місто Ковель;сквер Слобідська, буд. 558 кв. 6;+380 81 573-23-76;ivan29@example.com
Комар;Гліб;Ігорович;Чоловіча;1939-02-23;Маркетолог;хутір Чугуїв;провулок Гетьманський, буд. 5 кв. 018;+380 39 119-45-70;emiliia89@example.com
Баранець;Віталій;Володимирович;Чоловіча;1992-07-22;Електрослюсар;хутір Джанкой;площа Львівський, буд. 4;+380 02 809 19 03;larysa44@example.net
Чередник;Емілія;Олегівна;Жіноча;1973-08-04;Золотар;селище Горлівка;вулиця Неплія, буд. 9 кв. 4;094 170-54-61;vladyslav81@example.net
Смик;Єва;Степанівна;Жіноча;1963-07-22;Ювелір;село Бердянськ;узвіз Молокова, буд. 272 кв. 8;424-62-43;albina09@example.net
Андрощук;Леопольд;Степанович;Чоловіча;1946-11-04;Електромонтажник;село Кілія;проспект Миргородський, буд. 212;+380 95 514-98-73;valeksiuk@example.com
Стус;Аркадій;Григорович;Чоловіча;1970-03-11;Мистецтвознавець;місто Роздільна;проспект Восьмого Березня Лінія 1-ша, буд. 43 кв. 951;+380 81 985 69 34;bohuslavivanchenko@example.com
Москаль;Опанас;Дмитрович;Чоловіча;1968-06-24;Фотограф;місто Гайсин;шосе Архітектурна, буд. 7;+380 48 381 04 27;mykhailyna99@example.com
Журавель;Єва;Вікторівна;Жіноча;1994-07-22;Журналіст;хутір Зеленодольськ;узвіз Фруктовий, буд. 3 кв. 0;+380 (25) 079-26-22;zatulavarfolomii@example.net
Талан;Сергій;Степанович;Чоловіча;1938-06-16;Патологоанатом;хутір Бунге;шосе Станційна 2-га, буд. 9;+380 39 103-44-60;aarkhymovych@example.org
Андрійчук;Веніямин;Володимирович;Чоловіча;1998-06-04;Доцент;селище Єнакієве;вулиця Буковинська, буд. 7;242 51 81;jizhakevych@example.com
Христич;Дмитро;Григорович;Чоловіча;1995-01-12;Кур'єр;селище Новий Калинів;проспект Луценка Івана, буд. 5;+380 90 366-63-59;jvernydub@example.net
Зінченко;Тетяна;Романівна;Жіноча;1942-07-20;Журналіст;місто Городок;парк Шполянська, буд. 218;757 52 39;vitaliidubyna@example.org
Хорішко;Роксолана;Миколаївна;Жіноча;2001-12-22;Штукатур;селище Старий Самбір;вулиця Матроський, буд. 86;+380 65 977-86-67;chumachenkomykhailo@example.com
Абраменко;Зиновій;Андрійович;Чоловіча;1954-01-27;Ріелтор;місто Ківерці;провулок Юннатів 1-й, буд. 7 кв. 648;079 715 98 25;hskoryk@example.com
Чалий;Валерій;Дмитрович;Чоловіча;1978-01-06;Композитор;селище Алупка;вулиця Рибальський, буд. 2 кв. 871;018 337 57 81;dmytro42@example.org
Алексюк;Марта;Степанівна;Жіноча;1995-01-06;Художник;хутір Білгород-Дністровський;узвіз Василя Кандинського 1-й, буд. 54;299-79-89;okhrymovychvira@example.com
Швачка;Марина;Миколаївна;Жіноча;1986-12-11;Геолог;село Чуднів;парк Різовська, буд. 0 кв. 84;+380 07 995-94-61;albertzinkevych@example.org
Гавриш;Григорій;Миколайович;Чоловіча;1961-09-16;Астроном;місто Соледар;узвіз Шкільний аеродром, буд. 4 кв. 104;+380 (32) 773-88-76;zhuchenkostanislav@example.com
Даниленко;Пармен;Сергійович;Чоловіча;1962-07-10;Педагог;селище Жовква;сквер Зоряна, буд. 966 кв. 91;598 63 48;halynakarpenko@example.org
Кибкало;Ліза;Романівна;Жіноча;1965-11-25;Палеонтолог;місто Почаїв;набережна Бісквітний, буд. 158;809-89-65;feofanudovychenko@example.net
Шаблій;Устим;Михайлович;Чоловіча;1998-04-17;Вчитель;хутір Шептицький;набережна Василя Симоненка, буд. 524 кв. 688;732 20 89;hordiiandriishyn@example.net
Єщенко;Богуслава;Дмитрівна;Жіноча;1979-05-10;Клавішник;місто Покровськ;проспект Школярський, буд. 59 кв. 71;571-64-44;bohdandemianchuk@example.com
Василашко;Омелян;Анатолійович;Чоловіча;2002-11-26;Мірошник;місто Красногорівка;проспект Планетна, буд. 70 кв. 8;+380 46 582-13-25;olha81@example.net
Ребрик;Розалія;Степанівна;Жіноча;1976-11-26;Реабілітолог;селище Приморськ;парк Хутірський, буд. 79 кв. 2;+380 77 513-86-65;teodor96@example.net
Алексійчук;Франц;Володимирович;Чоловіча;1962-10-09;Няня;місто Підгайці;шосе Лінія 25-та, буд. 057 кв. 90;+380 13 902-50-03;bromanets@example.org
Чарниш;Михайлина;Юріївна;Жіноча;2007-05-21;Електрик;село Хрестівка;узвіз Зернова, буд. 4;003 666 35 15;mykolai32@example.org
Жаліло;Хома;Степанович;Чоловіча;1977-03-14;Стоматолог;селище Сніжне;шосе Петра Біциллі, буд. 840;044 232 92 14;valeriinestaiko@example.net
Ватаманюк;Демʼян;Олексійович;Чоловіча;1954-07-21;Прокурор;хутір Джанкой;проспект Квітки-Основ’яненка, буд. 060 кв. 393;+380 90 545-09-98;feofan25@example.net
Яценюк;Надія;Михайлівна;Жіноча;1969-10-28;Інженер;село Апостолове;вулиця Стражеска Миколи, буд. 6 кв. 712;+380 98 080-68-51;myrondubas@example.com
Парасюк;Надія;Олексіївна;Жіноча;2005-10-22;Паралегал;селище Баштанка;шосе Рішельєвська, буд. 5;315-67-00;kostiantynzhaivoron@example.net
Хомик;Гліб;Володимирович;Чоловіча;1967-06-21;Соціолог;селище Камінь-Каширський;провулок Острозька, буд. 8 кв. 311;598 72 79;teodorperebyinis@example.net
Корж;Святослава;Степанівна;Жіноча;2002-04-27;Паблік рилейшнз;селище Борислав;узвіз Пейзажна, буд. 3;+380 78 260 19 58;fiermolenko@example.com
Рубан;Франц;Дмитрович;Чоловіча;1954-09-24;Мінералог;селище Новояворівськ;сквер Гоголя, буд. 822;+380 (56) 217-53-56;ukanivets@example.org
Вовк;Анжела;Володимирівна;Жіноча;1955-11-28;Фермер;село Вараш;парк Радіальний, буд. 38;909 86 81;leopolddashenko@example.net
Кибкало;Аліна;Петрівна;Жіноча;1968-03-11;Складальник;місто Кременчук;площа Станційна 3-тя, буд. 27 кв. 3;+380 13 297 53 00;klymentiatseniuk@example.net
Дашкевич;Алевтин;Богданович;Чоловіча;2008-08-19;Нотаріус;селище Тлумач;проспект Рибальська, буд. 99 кв. 929;+380 54 601 96 86;hshutko@example.org
Дзиндра;Климент;Миколайович;Чоловіча;2002-01-20;Музичний редактор;місто Трускавець;шосе Суднобудівний, буд. 2 кв. 2;747-69-08;khrystenkoborys@example.org
Андрейко;Богодар;Тарасович;Чоловіча;1978-08-03;Лікар;село Антрацит;сквер Павлова, буд. 1;074 798 60 98;valeriiskyrda@example.com
Баран;Орхип;Анатолійович;Чоловіча;2000-03-20;Зоолог;село Лебедин;набережна Херсонський сквер, буд. 8;+380 01 028 23 72;khudiakorkhyp@example.com
Москаль;Алла;Сергіївна;Жіноча;1980-05-31;Журналіст;селище Буча;узвіз Бучми, буд. 21;455 31 11;tykhaazar@example.net
Заєць;Володимира;Степанівна;Жіноча;1949-11-15;Етнограф;місто Новоселиця;площа Людмили Гінзбург, буд. 2 кв. 61;+380 37 161 69 93;prokhirmasokha@example.com
Дробʼязко;Єфрем;Андрійович;Чоловіча;1954-07-13;Інженер;місто Лубни;сквер Пішонівська, буд. 32;592-77-71;rudykmykhailyna@example.net
Алексеєнко;Феофан;Володимирович;Чоловіча;1992-10-29;Науковець;місто Устилуг;узвіз Перший Кришталевий, буд. 89 кв. 397;096 731-15-95;rudkookhrim@example.net
Чекалюк;Валентина;Ігорівна;Жіноча;1940-07-06;Бібліотекар;хутір Жовті Води;площа Локомотивна, буд. 7;065 914 31 21;shelestmaryna@example.com
Таран;Павло;Сергійович;Чоловіча;1974-10-29;Євнух;хутір Ічня;вулиця Слобідський узвіз, буд. 8 кв. 693;089 847-40-89;stepan36@example.net
Пʼятаченко;Алла;Богданівна;Жіноча;1966-09-04;Модельєр;місто Харків;шосе Юхима Фесенка, буд. 074;+380 71 007 64 59;riabchenkoemiliia@example.com
Пилипенко;Теодор;Сергійович;Чоловіча;1953-03-11;Дантист;хутір Білопілля;парк Миколи Пильчикова, буд. 23;+380 75 482-69-06;yfranchuk@example.net
Тесленко;Гліб;Богданович;Чоловіча;1962-12-24;Громадський діяч;село Білогірськ;сквер Флейтовий, буд. 540 кв. 8;+380 33 661 60 54;lukian61@example.org
Чалий;Павло;Миколайович;Чоловіча;1961-12-27;Ді-джей;село Баранівка;вулиця Майка Йогансена, буд. 1 кв. 596;023 997 45 09;dshynkarenko@example.net
Михайлюк;Оксенія;Олександрівна;Жіноча;1999-04-19;Флорист;селище Корюківка;сквер Центральна, буд. 4 кв. 562;098 203-08-62;wdevdiuk@example.org
Петренко;Роксолана;Володимирівна;Жіноча;1973-03-22;Мікробіолог;селище Дебальцеве;набережна Інглезі, буд. 17;+380 24 603 78 69;marta46@example.com
Бабенко;Тереза;Миколаївна;Жіноча;1953-04-15;Модельєр;місто Ізюм;проспект Уральський, буд. 80;002 860-56-82;sofiiadanchenko@example.org
Бабич;Степан;Миколайович;Чоловіча;2004-05-01;Реабілітолог;селище Олександрія;вулиця Наклонна, буд. 2;+380 (84) 089-08-76;davydiarema@example.org
Дрозденко;Данило;Андрійович;Чоловіча;1967-08-10;Диригент;селище Жданівка;парк Юннатів 2-й, буд. 4 кв. 5;+380 (33) 020-81-95;ielysaveta37@example.org
Кириленко;Єва;Тарасівна;Жіноча;1991-07-26;Перекладач;селище Суми;вулиця Покровський, буд. 798 кв. 79;528 05 79;nvatamaniuk@example.org
Чередник;Марта;Дмитрівна;Жіноча;1957-08-15;Штукатур;село Прилуки;сквер Кільцева, буд. 19 кв. 2;466 53 73;iaryna69@example.com
Воблий;Гліб;Іванович;Чоловіча;1948-07-09;Бібліотекар;хутір Тячів;площа Карантинний узвіз, буд. 648 кв. 893;312 88 91;bbarannyk@example.com
Дараган;Святослав;Михайлович;Чоловіча;1938-10-14;Гицель;селище Знам'янка;вулиця Гіацинтовий, буд. 87;035 734 71 92;ggzhytska@example.com
Колесниченко;Петро;Вікторович;Чоловіча;1970-10-02;Шериф;село Краматорськ;провулок Китобійна, буд. 7 кв. 64;007 631 11 88;xtereshchuk@example.net
Цюцюра;Вадим;Тарасович;Чоловіча;2005-10-15;Машиніст;місто Яготин;вулиця Гонтаренко, буд. 698;820-21-64;vira34@example.com
Ємельяненко;Олег;Романович;Чоловіча;1988-04-06;Режисер;хутір Липовець;провулок Спортивний, буд. 22;096 998-44-97;justenko@example.org
Рак;Данило;Анатолійович;Чоловіча;1993-12-31;Економіст;село Татарбунари;набережна Прокатна, буд. 05 кв. 0;+380 02 550 57 33;opanas10@example.org
Москаль;Ярина;Григорівна;Жіноча;1992-12-21;Астрофізик;село Саки;узвіз Місячна, буд. 41 кв. 029;+380 56 930 40 17;ybaranets@example.com
Деркач;Роман;Ігорович;Чоловіча;1992-01-01;Складальник;село Устилуг;узвіз Віктора Скаржинського узвіз, буд. 5;567 35 74;alina01@example.org
Голик;Богданна;Андріївна;Жіноча;1960-06-16;Математик;місто Миргород;набережна Морехідний, буд. 69;898-50-02;anzhelakanivets@example.com
Тичина;Олена;Богданівна;Жіноча;1980-11-23;Сценарист;місто Ямпіль;провулок Юрія Коваленка, буд. 5;+380 00 154-09-71;arkadii73@example.net
Дробаха;Теодор;Сергійович;Чоловіча;2008-09-15;Мистецтвознавець;хутір Бунге;узвіз Заньковецької, буд. 4 кв. 516;+380 44 889 54 70;nadiia87@example.com
Вітер;Алла;Тарасівна;Жіноча;1943-10-30;Астронавт;хутір Львів;площа Путьова, буд. 096 кв. 339;011 993-79-41;eduard81@example.org
Таран;Богданна;Степанівна;Жіноча;1995-03-29;Бізнесмен;селище Самбір;шосе Світанку, буд. 0;887 60 92;lsych@example.org
Акименко;Дмитро;Ігорович;Чоловіча;1968-08-26;Каскадер;місто Семенівка;узвіз 18-та Лінія 6-й ст. Люстдорфської дороги, буд. 1;062 859 71 15;pylyphavrysh@example.com
Колодуб;Феофан;Олегович;Чоловіча;1971-11-18;Кушнір;хутір Тетіїв;парк Локомотивна, буд. 91;+380 41 116-67-41;pylypdanko@example.net
Ґереґа;Орхип;Олексійович;Чоловіча;2004-11-24;Державний службовець;хутір Ніжин;парк Віри Інбер, буд. 5;098 665 54 13;orlykhennadii@example.org
Цимбалюк;Данило;Романович;Чоловіча;1981-05-27;Мовознавець;хутір Кривий Ріг;набережна Приморський, буд. 55 кв. 01;007 986 48 74;amvrosii42@example.com
Їжак;Едита;Михайлівна;Жіноча;1951-10-07;Продюсер;село Кіцмань;узвіз Старорізнична, буд. 35;045 583-07-18;viktor84@example.org
Дзиндра;Амвросій;Дмитрович;Чоловіча;1989-09-10;Психолог;хутір Новомиргород;парк Розумовський 2-й, буд. 5;+380 49 139-64-20;oovcharenko@example.com
Радченко;Трохим;Романович;Чоловіча;1943-03-05;Палеонтолог;селище Дружківка;сквер Штурманська, буд. 71;+380 70 790-80-77;romanandrusenko@example.com
Шевченко;Левко;Богданович;Чоловіча;1974-10-22;Золотар;селище Макіївка;площа Хортицька, буд. 68;698-11-52;ievhenolifirenko@example.com
Дергач;Азар;Дмитрович;Чоловіча;1981-01-20;Флорист;село Добропілля;проспект Кузнечна, буд. 682 кв. 92;+380 36 402-67-63;viktor70@example.net
Ляшко;Аніта;Олександрівна;Жіноча;1962-08-13;Музикант;місто Біла Церква;провулок Ніли Крюкової, буд. 5;+380 78 004-20-38;danna97@example.org
Ребрик;Федір;Олегович;Чоловіча;1955-07-03;Бухгалтер;місто Залізне;вулиця Пересипська 8-ма, буд. 8;+380 20 478-73-74;pavlo71@example.org
Конопля;Костянтин;Миколайович;Чоловіча;1992-02-20;Соціолог;селище Шептицький;набережна Кременецький, буд. 07 кв. 6;+380 69 915-51-98;azhazhademian@example.net
Чабан;Орхип;Дмитрович;Чоловіча;1954-08-05;Бізнесмен;місто Тараща;шосе Деревообробний 5-й, буд. 4 кв. 696;087 655-27-36;artemartymovych@example.net
Рудик;Федір;Миколайович;Чоловіча;1962-06-10;Каскадер;селище Ланівці;площа Лінія 44-та, буд. 5 кв. 3;644-54-67;fsaienko@example.org
Яремків;Віктор;Степанович;Чоловіча;2004-07-18;Перекладач;місто Маріуполь;провулок Василя Фащенка, буд. 961 кв. 156;273 26 64;lizashchyrytsia@example.org
Лавренко;Мілена;Григорівна;Жіноча;1965-06-13;Археолог;село Коростишів;площа Виноградна 3-тя, буд. 787 кв. 594;+380 48 890-14-73;wzinchenko@example.org
Забіла;Миколай;Григорович;Чоловіча;1944-06-24;Інженер;місто Умань;площа Галини Могильницької, буд. 39 кв. 6;027 896 52 06;zmatviienko@example.com
Батуринець;Борислав;Ігорович;Чоловіча;1940-04-28;Дизайнер;село Костопіль;шосе Семафорний, буд. 2;043 425 46 22;havryshkevychmilena@example.org
Верховинець;Сергій;Олексійович;Чоловіча;1964-12-14;Диригент;селище Очаків;узвіз Овідіопольська дорога, буд. 14;+380 (35) 142-17-39;mariana92@example.org
Лупій;Любов;Анатоліївна;Жіноча;2006-03-08;Стоматолог;хутір Вашківці;парк Лузанівський 1-й, буд. 4 кв. 34;058 678 74 95;tymofiihabelko@example.org
Приходько;Михайло;Юрійович;Чоловіча;1959-08-08;Кушнір;хутір Берислав;вулиця Фестивальний, буд. 00 кв. 4;+380 (74) 669-98-95;deriazhnaiosyp@example.org
Чубай;Ярослав;Тарасович;Чоловіча;1974-02-22;Електрослюсар;село Кадіївка;парк Валерія Лобановського, буд. 0 кв. 21;028 694-31-82;stefan85@example.net
Ніколюк;Ірена;Романівна;Жіноча;1974-08-28;Маркетолог;селище Бахмач;парк Осіння, буд. 550;024 279-47-22;omelian54@example.com
Гаврилюк;Климент;Богданович;Чоловіча;1961-07-29;Будник;хутір Сколе;набережна Соборна, буд. 9;+380 (61) 324-51-67;babiuknestor@example.com
Данильчук;Веніямин;Романович;Чоловіча;1990-07-14;Бібліограф;село Горохів;провулок Одеський, буд. 03 кв. 012;+380 (64) 390-23-56;irenahrechanyk@example.org
Масоха;Охрім;Дмитрович;Чоловіча;1939-03-21;Доцент;село Іллінці;узвіз Ліверпульський, буд. 0 кв. 318;000 561 59 93;sachenkomykhailo@example.net
Василенко;Макар;Олексійович;Чоловіча;1942-09-23;Вчитель;селище Петрово-Красносілля;узвіз Навігаційний, буд. 1;700 74 59;bohdanna03@example.com
Журавель;Ольга;Андріївна;Жіноча;1996-08-06;Громадський діяч;село Джанкой;узвіз Прирейкова, буд. 39 кв. 3;096 547 20 15;illia11@example.net
Давимука;Клавдія;Григорівна;Жіноча;1998-08-11;Агроном;місто Мала Виска;сквер Естонський, буд. 569;+380 27 977-72-08;violetta53@example.net
Удовенко;Василь;Іванович;Чоловіча;2005-02-05;Маркетолог;селище Джанкой;узвіз Тракторна, буд. 7;+380 55 204-84-37;tsiupaodarka@example.com
Даценко;Адам;Дмитрович;Чоловіча;1994-08-28;Стоматолог;селище Пирятин;узвіз Соборна, буд. 7;032 795-90-84;khrystychfrants@example.org
Ісаєнко;Аніта;Олександрівна;Жіноча;1939-09-24;Водій;місто Андрушівка;узвіз Заводська 5-та, буд. 80;058 295-26-58;nosenkoavrelii@example.org
Лисенко;Едита;Михайлівна;Жіноча;1972-09-14;Кур'єр;місто Гайсин;узвіз Якірний, буд. 03 кв. 4;+380 (14) 935-76-05;oleksahavryshkevych@example.com
Гаврилюк;Костянтин;Петрович;Чоловіча;2006-06-30;Сантехнік;село Дружківка;проспект Проектний 5-й, буд. 21 кв. 5;+380 11 257-76-26;aaronshtokalo@example.net
Гресь;Лариса;Олексіївна;Жіноча;1950-08-12;Археолог;селище Баштанка;узвіз Привозна, буд. 94;+380 (44) 506-57-30;trokhymbezborodko@example.com
Терещук;Анастасія;Анатоліївна;Жіноча;1946-09-04;Вчитель;селище Голубівка;узвіз Херсонський, буд. 9 кв. 1;491-66-00;xbakumenko@example.org
Євтушенко;Павло;Володимирович;Чоловіча;1953-11-07;Патологоанатом;місто Керч;провулок 14-та Лінія 6-й ст. Люстдорфської дороги, буд. 087;+380 (51) 141-05-66;iustynachubai@example.com
Шило;Марко;Олександрович;Чоловіча;1986-09-09;Реабілітолог;хутір Люботин;сквер Клинова, буд. 5;+380 73 448-59-09;cderevianko@example.com
Оберемко;Спас;Ігорович;Чоловіча;1965-06-24;Реставратор;село Моспине;проспект Літній, буд. 04;+380 64 215 26 19;albertdubas@example.net
Фастенко;Надія;Григорівна;Жіноча;1955-03-15;Архітектор;селище Харків;провулок Петра Біциллі, буд. 075;079 945 61 85;bohodar95@example.net
Жаліло;Альбіна;Степанівна;Жіноча;1948-01-25;Парфюмер;селище Сніжне;провулок Трамвайна, буд. 675;+380 94 142-81-22;ruslan19@example.net
Чабан;Любов;Романівна;Жіноча;1968-10-16;Машиніст;хутір Миргород;сквер Академіка Корольова, буд. 0 кв. 77;+380 46 861-79-35;hermankhmara@example.com
Жук;Пріска;Богданівна;Жіноча;1963-06-04;Різноробочий;місто Слов'янськ;вулиця Валіховський, буд. 7;+380 51 984-19-17;adabaklan@example.com
Височан;Алла;Олегівна;Жіноча;2000-01-03;Прокурор;місто Ірміно;вулиця Крушельницької, буд. 60 кв. 458;048 779-26-61;opanas75@example.com
Червоненко;Ірена;Богданівна;Жіноча;1960-10-28;Патологоанатом;селище Бар;парк Щоглова, буд. 036 кв. 5;+380 68 561 58 98;valentynanosachenko@example.org
Михалюк;Марʼяна;Олексіївна;Жіноча;2001-10-20;Єгер;селище Щастя;сквер Пересипський 2-й, буд. 50;084 736 56 57;leonidkhmara@example.net
Ващенко-Захарченко;Еріка;Романівна;Жіноча;1956-05-29;Візажист;місто Судак;шосе Рачкова, буд. 34;025 558-92-75;qturkalo@example.org
Івасюк;Макар;Степанович;Чоловіча;1944-03-11;Краєзнавець;селище Дубляни;сквер Іспанська, буд. 124;+380 87 708-42-04;vermenychsvitlana@example.org
Полтавець;Захар;Сергійович;Чоловіча;1954-10-31;Реабілітолог;хутір Очаків;проспект Цимлянська, буд. 8;+380 (91) 759-02-17;illia56@example.org
Тесля;Тереза;Анатоліївна;Жіноча;1985-08-06;Ветеринар;село Харцизьк;парк Добровольців, буд. 5;075 018-72-89;paliiolena@example.net
Цюцюра;Олег;Михайлович;Чоловіча;1961-03-09;Кухар;селище Глобине;проспект Сирітський, буд. 9 кв. 92;+380 00 055-06-38;cshchors@example.com
Бандура;Семен;Миколайович;Чоловіча;1978-02-04;Електрик;місто Жданівка;узвіз Нечипуренка, буд. 4 кв. 84;+380 67 804-97-94;jpetrenko@example.net
Шамрай;Максим;Володимирович;Чоловіча;2000-08-10;Адвокат;село Ужгород;проспект Восьмого березня, буд. 01 кв. 0;+380 40 521-68-10;khudiaktetiana@example.com
Чарниш;Дан;Степанович;Чоловіча;1955-01-13;Няня;селище Радомишль;узвіз Північна, буд. 54;+380 35 334-69-99;evanchenko@example.net
Луценко;Ігнат;Миколайович;Чоловіча;1939-04-15;М'ясник;місто Золочів;сквер Путівна, буд. 510 кв. 049;+380 02 419 72 66;vitalii84@example.net
Артимович;Теодор;Андрійович;Чоловіча;1993-08-20;Круп'є;село Феодосія;парк Бучми, буд. 80 кв. 3;054 678 75 12;prymachenkosolomiia@example.org
Тригуб;Федір;Юрійович;Чоловіча;1975-11-05;Письменник;хутір Івано-Франківськ;сквер Бузкова, буд. 60 кв. 596;+380 12 048-24-04;azar82@example.net
Перебийніс;Пантелеймон;Ігорович;Чоловіча;1997-06-23;Електромонтажник;місто Богуслав;набережна Удільний, буд. 1 кв. 53;+380 31 110 80 48;symon20@example.net
Назаренко;Леонід;Тарасович;Чоловіча;2005-06-20;Вчитель;місто Городня;набережна Аеропортівський 1-й, буд. 9;+380 06 541 27 98;albinaverkhovynets@example.org
Килимник;Максим;Тарасович;Чоловіча;2006-10-17;Круп'є;хутір Ладижин;проспект Шептицького, буд. 3 кв. 2;052 354 48 64;fesenkovenedykt@example.com
Дейнеко;Орхип;Степанович;Чоловіча;2001-01-08;Електромонтер;село Сіверськ;набережна Юннатів 1-й, буд. 5;+380 86 769-53-40;bohdaniarosh@example.net
Бабійчук;Аркадій;Сергійович;Чоловіча;1941-03-14;Медик;хутір Глухів;проспект Обривиста, буд. 84 кв. 81;491 28 77;rvermenych@example.org
Кабаненко;Марина;Миколаївна;Жіноча;1958-04-28;Ді-джей;селище Бахчисарай;провулок Запорізька, буд. 24 кв. 033;073 45 04;xhrytsenko@example.net
Філіпенко;Максим;Богданович;Чоловіча;1950-04-11;Круп'є;місто Перечин;узвіз Вірського, буд. 7 кв. 4;599-31-13;les65@example.org
Зайченко;Петро;Вікторович;Чоловіча;2001-07-04;Модельєр;селище Вознесенськ;шосе Давида Ойстраха, буд. 96;039 866 44 95;ostap89@example.net
Романець;Віктор;Дмитрович;Чоловіча;1941-08-02;Випробувач;село Городенка;провулок Вузький, буд. 261;+380 08 662 05 17;edytatarasenko@example.org
Примаченко;Надія;Григорівна;Жіноча;1980-01-26;Адвокат;місто Мостиська;сквер Рівності 1-й, буд. 99;+380 (29) 683-14-18;makar73@example.net
Уманець;Альбіна;Григорівна;Жіноча;1945-08-06;Дантист;хутір Ізюм;вулиця Чорноморка, буд. 5 кв. 284;071 231 51 13;marusia45@example.net
Бабич;Роман;Олександрович;Чоловіча;2007-04-12;Живописець;хутір Приморськ;парк Зоопаркова, буд. 801 кв. 15;027 635 01 36;iesypenkodavyd@example.com
Проценко;Теодор;Юрійович;Чоловіча;1955-12-17;Стиліст;селище Жмеринка;набережна Горбатий міст, буд. 6 кв. 07;+380 12 799-90-94;vasylmatviienko@example.com
Зарудний;Дан;Андрійович;Чоловіча;1968-12-14;Складальник;селище Іловайськ;площа Обільна, буд. 901;232 62 87;fstets@example.org
Салій;Соломон;Михайлович;Чоловіча;1993-01-23;Редактор;хутір Гайворон;провулок Бандурний, буд. 1 кв. 60;612 70 11;romanetsivan@example.org
Журба;Панас;Володимирович;Чоловіча;1992-11-03;Лікар;селище Лохвиця;парк Лузанівський, буд. 50;042 760-80-50;karmaliukveniiamyn@example.net
Їжакевич;Марія;Ігорівна;Жіноча;1991-01-18;Астроном;селище Українськ;узвіз Дмитріївська, буд. 8 кв. 7;067 047-73-13;bkorbut@example.net
Цюпа;Лесь;Дмитрович;Чоловіча;1969-02-18;Музикознавець;хутір Кропивницький;сквер Бахчисарайська, буд. 015;132 03 73;opanaskorpaniuk@example.net
Адамчук;Михайлина;Олександрівна;Жіноча;1964-08-14;Нотаріус;місто Синельникове;парк Лінія 25-та, буд. 45;679 67 06;makar24@example.net
Девдюк;Вадим;Михайлович;Чоловіча;2003-03-02;Педагог;селище Багачеве;проспект Наявний 4-й, буд. 44 кв. 1;780 14 54;charnyshiaroslava@example.net
Бабійчук;Василь;Сергійович;Чоловіча;1982-12-09;Актор;село Молочанськ;провулок Сливова, буд. 437;260-08-62;marusia71@example.net
Цимбал;Данна;Іванівна;Жіноча;1965-10-14;Вчитель;село Пустомити;шосе Ювілейний 1-й, буд. 369 кв. 091;+380 99 187 34 09;bandurkamykhailo@example.com
Євдокименко;Леопольд;Михайлович;Чоловіча;1959-10-11;Медик;село Тернівка;набережна Маразліївська, буд. 2 кв. 1;094 473-79-71;ahrytsenko@example.net
Забіла;Людмила;Дмитрівна;Жіноча;2008-02-01;Композитор;село Теребовля;провулок Чорноморський 10-й, буд. 5 кв. 6;090 318-31-99;anastasiiaandriiovych@example.org
Колісниченко;Віра;Олегівна;Жіноча;1956-07-10;Паралегал;місто Мар'їнка;набережна Горбиста, буд. 403 кв. 413;+380 (25) 888-77-67;wdrobiazko@example.org
Юрчук;Феофан;Григорович;Чоловіча;2001-03-30;Няня;місто Глиняни;узвіз Сергія Ядова, буд. 86 кв. 999;+380 29 889-90-12;tnalyvaiko@example.com
Савенко;Давид;Дмитрович;Чоловіча;2007-06-19;Етнограф;селище Київ;узвіз Покровський, буд. 4;+380 (46) 914-53-83;markoturkalo@example.com
Вишиваний;Андрій;Григорович;Чоловіча;1993-11-03;Біолог;село Ладижин;проспект Дальницька, буд. 2;+380 33 054 44 56;andreikovira@example.org
Тригуб;Гаврило;Михайлович;Чоловіча;1982-03-21;Живописець;селище Енергодар;сквер Бродська, буд. 29;167-82-83;shamraikamilla@example.com
Кащенко;Еріка;Петрівна;Жіноча;1960-02-26;Журналіст;селище Сіверськодонецьк;сквер Лютневий 1-й, буд. 6;+380 23 031 80 31;bevzalina@example.org
Перепелиця;Орхип;Олексійович;Чоловіча;1978-03-16;Стропальник;селище Теплодар;вулиця Теофіла Фраєрмана, буд. 42;+380 21 604-33-48;frudyk@example.org
Шинкаренко;Лариса;Сергіївна;Жіноча;1992-05-29;Ді-джей;селище Шумськ;сквер Квіткова, буд. 261;+380 (35) 102-25-24;frankoanzhela@example.net
Чорновіл;Камілла;Вікторівна;Жіноча;1975-07-23;Архітектор;село Старокостянтинів;площа Естонська, буд. 54 кв. 7;018 203 68 94;odarkazabara@example.net
Євтушок;Любов;Михайлівна;Жіноча;1968-09-09;Економіст;місто Ямпіль;проспект Миколаївський 1-й, буд. 302;+380 76 892-50-58;parmenvasylechko@example.com
Скопенко;Анжела;Іванівна;Жіноча;2003-11-30;Гінеколог;село Баштанка;вулиця Ветеранів праці, буд. 467 кв. 7;+380 20 605-56-17;ochupryna@example.net
Щириця;Богуслава;Тарасівна;Жіноча;1963-09-11;Редактор;хутір Болехів;набережна Ніжинська, буд. 0;+380 84 882 77 47;ostap23@example.org
Штепа;Віктор;Олегович;Чоловіча;1997-01-24;Дерун;місто Пологи;сквер Рибальська балка, буд. 28;+380 (15) 759-40-27;vbandurka@example.com
Дейнеко;Єфрем;Анатолійович;Чоловіча;1968-03-14;Письменник;село Миргород;шосе Галини Могильницької, буд. 4;+380 35 503 02 84;zarudnaonysym@example.com
Онуфрієнко;Степан;Анатолійович;Чоловіча;1956-08-08;Художник;село Боярка;провулок Бреуса Якова, буд. 7;+380 32 743-49-92;vlasiukvalentyn@example.org
Засуха;Климент;Михайлович;Чоловіча;1948-06-20;Паралегал;місто Болград;провулок Олександра Тимошенка, буд. 560;+380 39 398 04 64;alevtyn83@example.com
Зінчук;Трохим;Анатолійович;Чоловіча;1951-11-09;Правник;хутір Добромиль;сквер Бєлякова, буд. 0 кв. 21;+380 (02) 253-19-50;taranorkhyp@example.net
Бабій;Ігор;Дмитрович;Чоловіча;2005-12-26;Громадський діяч;село Болград;узвіз Дружний, буд. 3 кв. 85;769 15 52;alla93@example.org
Ейбоженко;Роман;Тарасович;Чоловіча;1999-04-11;Продюсер;селище Мелітополь;узвіз Проектний 5-й, буд. 0;+380 62 726 52 14;xfastenko@example.net
Литвин;Захар;Ігорович;Чоловіча;1981-09-15;Клоун;хутір Обухів;узвіз Аеродромний 2-й, буд. 94 кв. 45;058 816 30 36;lysenkoieva@example.com
Акименко;Гаврило;Григорович;Чоловіча;2007-04-21;Кур'єр;місто Хотин;проспект Дачний, буд. 246 кв. 4;+380 (29) 978-77-52;alemeshko@example.org
Юрчишин;Панас;Сергійович;Чоловіча;2007-09-11;Економіст;місто Рогатин;шосе Крутоярська, буд. 3 кв. 84;043 808 10 03;chumakfrants@example.net
Дубенко;Юхим;Романович;Чоловіча;1999-07-13;Професор;місто Гуляйполе;шосе Пересипська 6-та, буд. 316;+380 36 418-97-78;snizhanakalenychenko@example.org
Тимченко;Богданна;Романівна;Жіноча;1956-01-19;Гицель;місто Шостка;провулок Пересипська 1-ша, буд. 1 кв. 1;+380 16 989-69-17;eavramenko@example.org
Бандурка;Тереза;Сергіївна;Жіноча;1985-08-30;Археолог;хутір Харків;вулиця Молокова, буд. 53 кв. 0;+380 13 951-87-13;iurchenkoieva@example.org
Ґерус;Ярослава;Сергіївна;Жіноча;2000-07-24;Намотувальник;селище Яремче;узвіз Карпатська, буд. 1 кв. 514;067 796 46 58;demydenkorozaliia@example.org
Деревʼянко;Семен;Петрович;Чоловіча;1976-10-24;Стоматолог;хутір Лутугине;шосе Флотський 4-й, буд. 436 кв. 260;+380 73 636-15-42;karpaheorhii@example.org
Чуприна;Альберт;Петрович;Чоловіча;1946-06-02;Детектив;село Деражня;сквер Дунайська, буд. 2;+380 06 568-16-06;ovsiienkotereza@example.com
Джунь;Тетяна;Володимирівна;Жіноча;1973-03-31;Електрик;місто Єнакієве;набережна Вишнева, буд. 17;938-37-46;volodymyrashevchenko@example.com
Тесля;Любов;Андріївна;Жіноча;1945-08-05;Піаніст;селище Вільногірськ;узвіз Вінницька, буд. 8;169 23 30;suprunenkoamvrosii@example.net
Лаба;Амалія;Сергіївна;Жіноча;1995-12-01;Астронавт;місто Багачеве;набережна Василя Берладяну, буд. 6 кв. 736;014 996-24-30;odarkaromanchuk@example.com
Щириця;Алевтин;Володимирович;Чоловіча;1995-07-13;Кушнір;селище Лохвиця;узвіз Щоголєва, буд. 12 кв. 537;+380 (16) 478-63-23;pustovitalevtyn@example.com
Базилевський;Олекса;Миколайович;Чоловіча;1983-01-07;Провізор;село Корсунь-Шевченківський;вулиця Стельмаха, буд. 22;030 412-19-79;atroshchenkobohdanna@example.net
Фесенко;Алла;Дмитрівна;Жіноча;1967-12-11;Палеонтолог;село Ворожба;набережна Маразліївська, буд. 307;+380 29 217-51-43;vdovenkomarko@example.com
Яценко;Борис;Анатолійович;Чоловіча;1959-11-22;Науковець;хутір Золоте;парк Селекційна, буд. 3 кв. 35;+380 06 712 36 07;ruslandrobakha@example.net
Самойленко;Роман;Ігорович;Чоловіча;1984-11-30;Бібліограф;селище Макіївка;проспект Морська, буд. 412;372 90 33;iosyparkhymovych@example.net
Фаренюк;Антон;Петрович;Чоловіча;2003-03-13;Громадський діяч;місто Помічна;сквер Віталія Гуляєва, буд. 96;+380 (46) 272-19-01;iaremkovenedykt@example.net
Юрчишин;Аркадій;Володимирович;Чоловіча;1950-10-01;Дипломат;хутір Горлівка;шосе Будівельна, буд. 896 кв. 11;+380 95 638-75-60;valentyndemianenko@example.com
Балабан;Леон;Богданович;Чоловіча;1983-04-09;Музикознавець;місто Борщів;проспект Балківська, буд. 40;+380 45 275-80-86;evashchenko@example.org
Карась;Орхип;Андрійович;Чоловіча;1976-01-27;Математик;хутір Коростень;парк Леся Курбаса, буд. 16;094 166 47 26;iaryna85@example.net
Василевич;Клавдія;Дмитрівна;Жіноча;1997-05-15;Секретар;селище Залізне;набережна Добровольців, буд. 26 кв. 7;083 793 10 77;zpalii@example.com
Масоха;Марʼяна;Сергіївна;Жіноча;1967-01-10;Електромонтажник;місто Конотоп;набережна Чумацька, буд. 62;+380 58 521 96 74;hlibradchenko@example.org
Гайденко;Варвара;Олександрівна;Жіноча;1985-04-28;Флорист;хутір Мелітополь;шосе Ждахи, буд. 9;+380 77 175 74 50;babychenkopanteleimon@example.com
Цушко;Ганна;Андріївна;Жіноча;1994-12-30;Музикант;місто Жданівка;площа Сливова, буд. 99;118 26 67;qchumachenko@example.net
Іваничук;Валерій;Іванович;Чоловіча;1951-04-07;Художник;село Баранівка;парк Деревообробна, буд. 66;+380 84 267-26-15;fartushniakokhrim@example.com
Корсун;Емілія;Володимирівна;Жіноча;1984-07-26;Випробувач;село Мар'їнка;шосе Авіаційна, буд. 172 кв. 526;070 285 29 27;xvenhrynovych@example.org
Доценко;Ганна;Володимирівна;Жіноча;1949-12-23;Пілот;місто Богодухів;площа Донорська, буд. 750 кв. 40;083 421-05-65;bshylo@example.net
Петренко;Едуард;Олексійович;Чоловіча;1944-11-04;Реабілітолог;хутір Сокаль;узвіз Економічний, буд. 666 кв. 396;958-32-95;kierchenko@example.org
Лукаш;Тереза;Олегівна;Жіноча;1953-12-20;Бізнесмен;місто Конотоп;провулок Середньофонтанська, буд. 5 кв. 0;+380 35 840-65-05;chumakostap@example.org
Демиденко;Демʼян;Анатолійович;Чоловіча;1942-01-03;Льотчик;село Пологи;вулиця Цементний, буд. 6 кв. 5;517 76 24;volodymyr31@example.net
Затовканюк;Орина;Петрівна;Жіноча;1958-10-01;Бухгалтер;місто Золотоноша;провулок Липнева, буд. 2;188-25-86;odubenko@example.net
Опанасенко;Дмитро;Сергійович;Чоловіча;1956-01-19;Слідчий;хутір Тетіїв;сквер Карпатська, буд. 5;+380 40 372-84-49;hordii25@example.net
Рябець;Максим;Степанович;Чоловіча;2001-05-29;Секретар;хутір Надвірна;провулок Мусіна, буд. 700 кв. 4;+380 (11) 849-02-39;huziifedir@example.net
Чміль;Павло;Анатолійович;Чоловіча;1974-08-25;Стропальник;селище Хирів;площа Героїв Зміїного, буд. 71;+380 19 002-95-40;heorhii63@example.org
Талан;Пантелеймон;Юрійович;Чоловіча;1995-08-17;Науковець;місто Багачеве;шосе Бориса Кифоренка, буд. 7;+380 48 778-13-84;qisaienko@example.org
Шахрай;Марʼяна;Тарасівна;Жіноча;1951-12-23;Гицель;місто Яготин;проспект Міцкевича, буд. 992;678-60-77;petrykmarta@example.org
Рябченко;Леон;Дмитрович;Чоловіча;1971-08-04;Дипломат;місто Сміла;парк Хвойний, буд. 642 кв. 716;092 313-27-12;parmen56@example.com
Голобородько;Миколай;Сергійович;Чоловіча;1971-03-15;Мистецтвознавець;село Новгород-Сіверський;проспект Студентський 2-й, буд. 12 кв. 08;011 628-16-20;ieremenkoorkhyp@example.net
Непорожній;Данна;Сергіївна;Жіноча;1995-09-21;Єгер;село Оріхів;проспект Охтирський, буд. 29 кв. 30;+380 (75) 401-94-34;svitlanavivcharenko@example.org
Хоменко;Ілля;Степанович;Чоловіча;1970-05-19;Археолог;селище Білгород-Дністровський;узвіз Зелена гірка, буд. 96 кв. 87;040-93-31;zteslenko@example.org
Чубай;Варвара;Олександрівна;Жіноча;1961-11-06;Фермер;селище Стебник;проспект Польський узвіз, буд. 23;+380 (02) 157-41-59;sheremethalyna@example.org
Шахрай;Ганна;Сергіївна;Жіноча;1948-01-05;Астрофізик;селище Богодухів;узвіз Ольгіївський узвіз, буд. 779 кв. 26;560-63-75;bhavrylyshyna@example.org
Вернидуб;Вʼячеслав;Степанович;Чоловіча;2005-04-23;Слідчий;хутір Полонне;вулиця Північна, буд. 105 кв. 74;+380 88 020 02 81;babiichukaaron@example.org
Лисенко;Розалія;Григорівна;Жіноча;1959-10-07;Археолог;село Красноперекопськ;сквер Обільна, буд. 565;+380 19 725-16-46;nadiiatelychenko@example.com
Усик;Орися;Олексіївна;Жіноча;1946-10-22;Конструктор;хутір Попасна;узвіз Лиманчик 2-й Лінія 1-ша, буд. 912;004 215-86-62;ukopytko@example.com
Дзиндра;Єлисавета;Степанівна;Жіноча;1963-09-20;Фермер;село Хуст;сквер Стамбульський, буд. 3 кв. 44;+380 70 946-66-83;lessemenchenko@example.com
Панчук;Василина;Олексіївна;Жіноча;1950-08-26;Продюсер;селище Хорол;набережна Бузкова, буд. 686;+380 (40) 147-25-27;shvachkaillia@example.net
Хорішко;Юхим;Сергійович;Чоловіча;1939-08-24;Сантехнік;місто Феодосія;шосе Сотника Лугіна, буд. 3 кв. 585;+380 01 800-26-94;vsmyk@example.com
Михайличенко;Панас;Олександрович;Чоловіча;1983-12-20;Конструктор;хутір Білогірськ;шосе Бузкова, буд. 1 кв. 99;046 424-33-44;anastasiiaonyshchenko@example.net
Шовкопляс;Степан;Сергійович;Чоловіча;1939-10-21;Актор;село Кролевець;узвіз 3-тя Лінія 4-ї ст. Люстдорфської дороги, буд. 63;+380 18 104 72 12;oleksandrisaievych@example.com
Франчук;Ярослав;Тарасович;Чоловіча;1981-12-17;Агроном;село Василівка;узвіз Косовський, буд. 41;+380 31 312-65-08;myron68@example.com
Твердохліб;Лесь;Олексійович;Чоловіча;1971-09-11;Няня;хутір Берестин;сквер Улицька, буд. 700 кв. 2;+380 26 359-25-28;havrylyshynahavrylo@example.net
Романенко;Златослава;Романівна;Жіноча;1999-08-02;Геолог;місто Сокаль;проспект Лінія 44-та, буд. 17;+380 50 410-15-98;ezinkevych@example.org
Тягнибок;Ірина;Юріївна;Жіноча;1947-09-12;Пекар;селище Миргород;площа Сергія Єфремова, буд. 1;000 416-41-35;antonbazylevych@example.org
Червоненко;Устим;Олексійович;Чоловіча;1960-05-31;Бібліограф;хутір Чернівці;набережна Наявний 4-й, буд. 8;289 30 59;ieroshenkozakhar@example.org
Бакуменко;Пилип;Михайлович;Чоловіча;1949-02-20;Електрослюсар;село Каховка;узвіз Тіниста, буд. 8;073-55-44;oavramchuk@example.com
Зінчук;Веніямин;Вікторович;Чоловіча;1940-03-17;Мірошник;місто Снігурівка;площа Пересипська 1-ша, буд. 849 кв. 8;073 214 55 48;panteleimonhavrysh@example.org
Зінчук;Дан;Миколайович;Чоловіча;1970-03-11;Бухгалтер;селище Зугрес;сквер Академіка Корольова, буд. 35;+380 35 639-75-36;prokhirderevianko@example.org
Ващук;Олена;Тарасівна;Жіноча;1990-06-22;Економіст;місто Горішні Плавні;площа Шахтинський, буд. 33;074 755 55 50;hupalostanislav@example.net
Данькевич;Марко;Григорович;Чоловіча;1997-08-23;Реставратор;хутір Семенівка;узвіз Нафтовиків 3-й, буд. 99;+380 18 081-78-83;baidaliza@example.net
Сірко;Ярема;Сергійович;Чоловіча;1953-07-26;Няня;селище Самбір;шосе Бориса Літвака, буд. 89 кв. 6;222 40 87;vasylyna04@example.net
Чарниш;Алевтин;Богданович;Чоловіча;1949-04-05;Музичний редактор;селище Хотин;шосе Старопортофранківська, буд. 6 кв. 544;+380 77 622-40-57;mykhailychenkohennadii@example.net
Зубко;Оксана;Миколаївна;Жіноча;1950-03-28;Диригент;місто Острог;провулок Липнева, буд. 22;268-18-51;abramenkospas@example.com
Дейнека;Соломія;Іванівна;Жіноча;1956-08-19;Гірничий інженер;місто Лисичанськ;набережна Військово-морських сил, буд. 4 кв. 2;050-19-26;viacheslavvashchenko-zakharchenko@example.org
Салій;Григорій;Петрович;Чоловіча;1998-09-27;Співак;селище Тлумач;проспект Лінія 31-ша, буд. 34 кв. 546;445 30 33;oksanaaverchenko@example.org
Якименко;Станіслав;Андрійович;Чоловіча;1994-10-11;Мистецтвознавець;місто Олександрівськ;набережна Польовий 1-й, буд. 0 кв. 77;842 56 07;oiaremko@example.org
Артим;Єфрем;Сергійович;Чоловіча;1947-04-05;Вчитель;село Устилуг;проспект Волокидіна, буд. 14 кв. 1;+380 22 147 32 83;bbevz@example.net
Саченко;Веніямин;Олександрович;Чоловіча;1994-06-21;Клоун;хутір Ялта;проспект Офіцерський 2-й, буд. 65;023 32 43;ivan85@example.net
Штепа;Ілля;Сергійович;Чоловіча;1949-06-03;Підприємець;село Сокиряни;шосе Уральська, буд. 656;+380 77 451-73-99;arkadiidzhus@example.org
Верховинець;Іван;Сергійович;Чоловіча;1943-03-12;Перекладач;хутір Часів Яр;провулок Айвазовського, буд. 23 кв. 46;+380 (08) 763-93-01;abrahamovskaoksana@example.net
Чередник;Ярина;Юріївна;Жіноча;1946-11-24;Лікар;селище Кременець;узвіз Олени Теліги, буд. 725 кв. 217;+380 69 606-50-10;okolodub@example.net
Свириденко;Наталія;Андріївна;Жіноча;1979-08-31;Фольклорист;хутір Хорол;шосе Капітана Гаврікова, буд. 3 кв. 993;+380 00 964-43-11;mieresko@example.com
Їжак;Олександр;Олександрович;Чоловіча;1952-11-12;Сценарист;хутір Луцьк;проспект Флейтовий, буд. 992;036 489-94-82;irynademianenko@example.com
Артюшенко;Стефан;Олександрович;Чоловіча;1978-08-14;Доцент;хутір Сміла;парк Віталія Нестеренка, буд. 843;+380 41 132-32-25;hanna28@example.com
Колесниченко;Дмитро;Михайлович;Чоловіча;1957-03-09;Круп'є;хутір Новоазовськ;вулиця Давида Ойстраха, буд. 861 кв. 55;+380 85 570-08-69;petro12@example.com
Михалюк;Пилип;Андрійович;Чоловіча;1980-04-07;Паралегал;село Моршин;узвіз Жасминна, буд. 66 кв. 7;+380 57 922 03 95;ishcherbak@example.com
Дубина;Онисим;Іванович;Чоловіча;1942-03-29;Психолог;село Костопіль;сквер Айвазовського, буд. 32;080 39 72;ustymshtepa@example.net
Бабиченко;Володимира;Дмитрівна;Жіноча;2000-04-28;Історик;селище Погребище;провулок Шептицького, буд. 290 кв. 3;+380 78 611 59 45;roksolana87@example.org
Ващенко;Спас;Володимирович;Чоловіча;1998-01-12;Реставратор;хутір Остер;парк Фестивальний, буд. 4 кв. 80;+380 26 209-96-35;habelkooleksandr@example.org
Дурдинець;Михайло;Ігорович;Чоловіча;1983-10-14;Археолог;селище Борзна;площа Овідіопольська дорога, буд. 642 кв. 710;+380 (07) 818-99-28;alinaizhakevych@example.org
Жук;Соломон;Тарасович;Чоловіча;1982-12-01;Петрограф;місто Переяслав;вулиця Новиков міст, буд. 970;+380 88 640 42 73;oleksandrcherinko@example.org
Засядько;Едуард;Олегович;Чоловіча;1947-05-22;Адвокат;село Мирноград;набережна Квітковий, буд. 9;+380 40 794-66-66;spashabelko@example.net
Баштан;Веніямин;Михайлович;Чоловіча;1986-07-25;Актор;хутір Козятин;узвіз Задніпровського, буд. 830 кв. 37;077 119 28 28;ikorpaniuk@example.net
Гречко;Алевтин;Олексійович;Чоловіча;1959-03-18;Співак;хутір Берислав;вулиця Хаджибейський 2-й, буд. 643 кв. 90;027 194-36-80;demyd44@example.net
Александренко;Дарина;Володимирівна;Жіноча;2006-08-18;Ріелтор;місто Арциз;проспект Проточний, буд. 87 кв. 17;+380 66 624 43 88;marko92@example.net
Щербань;Златослава;Петрівна;Жіноча;1946-12-03;Випробувач;хутір Балта;парк Пересипська 7-ма, буд. 997;+380 30 250-07-66;sviatoslav04@example.net
Ємець;Вʼячеслав;Володимирович;Чоловіча;1963-11-01;Мінералог;село Мелітополь;провулок Дачний 1-й, буд. 10;008 962-35-95;shamrairuslan@example.org
Балабан;Вʼячеслав;Андрійович;Чоловіча;1946-11-22;Ювелір;місто Чортків;набережна Дмитра Іванова, буд. 0;472-12-46;alinadankevych@example.com
Євтушок;Леон;Сергійович;Чоловіча;1985-06-03;Швачка;село Люботин;проспект Разумовська, буд. 56;+380 49 189-11-63;ielysaveta16@example.net
Іщенко;Богодар;Анатолійович;Чоловіча;2005-04-01;Футболіст;селище Тернопіль;узвіз Маловського, буд. 4 кв. 15;+380 72 029-15-10;ohavrylyshyna@example.net
Алексеєнко;Альбіна;Андріївна;Жіноча;1972-08-01;Різноробочий;місто Ічня;вулиця Новобазарний, буд. 832;423-84-15;orest31@example.com
Батуринець;Марина;Анатоліївна;Жіноча;1999-02-22;Ботанік;селище Кіцмань;парк Ушинського, буд. 23;138-24-80;iushchenkoielysaveta@example.net
Коваленко;Ігор;Петрович;Чоловіча;1989-05-18;Музикознавець;хутір Шахтарськ;площа Сінна, буд. 5;+380 79 412-42-71;okhrim33@example.net
Вдовенко;Орина;Олексіївна;Жіноча;1946-07-23;Геофізик;село Переяслав;шосе Штурвальна, буд. 302 кв. 9;057 531 57 08;hanna97@example.com
Мазур;Владислав;Сергійович;Чоловіча;2005-12-05;Конструктор;місто Яготин;парк Чорноморський, буд. 2 кв. 807;871 99 44;chubairozaliia@example.net
Венгринович;Олег;Сергійович;Чоловіча;1947-09-12;Ювелір;село Івано-Франківськ;шосе Полтавська, буд. 8 кв. 7;016 628-65-76;lizahohol@example.org
Остапчук;Розалія;Петрівна;Жіноча;1967-02-06;М'ясник;хутір Помічна;парк Студентський 2-й, буд. 7;094 968 41 41;goliashmyroslav@example.com
Бабійчук;Альбіна;Дмитрівна;Жіноча;1968-04-07;Льотчик;селище Лутугине;парк Кришталевий, буд. 28 кв. 1;267 03 64;neporozhniimarusia@example.org
Данькевич;Роман;Михайлович;Чоловіча;1940-06-22;Громадський діяч;хутір Бахмут;узвіз Музична, буд. 785 кв. 73;042 425-55-11;komarleon@example.com
Ярош;Вадим;Миколайович;Чоловіча;1996-10-19;Пекар;хутір Бережани;набережна Бахмутська, буд. 55;+380 34 051-05-09;tykhavladyslav@example.com
Кабаненко;Віктор;Михайлович;Чоловіча;1986-10-04;Складальник;хутір Тернопіль;узвіз Миколи Плигуна, буд. 08 кв. 85;+380 56 734-70-11;fedir75@example.org
Данчук;Аврелій;Степанович;Чоловіча;1988-08-11;Мистецтвознавець;місто Боярка;площа Старорізнична, буд. 1;673 21 78;iakivkanivets@example.net
Даньків;Валерій;Романович;Чоловіча;1941-03-11;Педагог;місто Мала Виска;провулок Восьмого березня 1-й, буд. 14 кв. 1;684 52 40;bkybkalo@example.net
Ґалаґан;Костянтин;Вікторович;Чоловіча;1982-07-26;Медик;місто Ужгород;проспект Педагогічний, буд. 59;093 257-77-48;qmazepa@example.org
Зінкевич;Орися;Ігорівна;Жіноча;1939-12-15;Музикант;село Мар'їнка;вулиця Чайкова, буд. 9 кв. 9;201-48-79;pshtokalo@example.com
Ребрик;Данна;Олексіївна;Жіноча;1991-08-23;Гірничий інженер;місто Прилуки;провулок Кустанайський 2-й, буд. 6 кв. 857;+380 69 153-05-76;irenakorbut@example.com
Власенко;Марина;Дмитрівна;Жіноча;1974-10-13;Кіноактор;хутір Погребище;шосе Йосипа Фішера, буд. 3;130-67-34;vanchenkoles@example.org
Василенко;Лариса;Олександрівна;Жіноча;1948-05-08;Письменник;хутір Краматорськ;парк Івасюка Володимира, буд. 33;675 69 07;cveres@example.net
Байрак;Тарас;Петрович;Чоловіча;1985-02-25;Золотар;хутір Ямпіль;вулиця Садова 2-га, буд. 36;077 142-76-29;bhaivoronskyi@example.net
Чуйко;Софія;Богданівна;Жіноча;1993-12-02;Патологоанатом;місто Скадовськ;провулок Травневий 4-й, буд. 636;+380 62 078 50 60;jbaranyk@example.net
Ґалаґан;Борис;Петрович;Чоловіча;1973-10-31;Швачка;хутір Нове Давидково;проспект Аеропортівська, буд. 3 кв. 33;762 07 58;zlesyk@example.com
Корбут;Пантелеймон;Володимирович;Чоловіча;1962-05-18;Кінолог;місто Куп'янськ;сквер Костанді, буд. 1 кв. 6;093 278 14 82;avdieienkobohuslava@example.net
Артюх;Марта;Юріївна;Жіноча;1948-03-27;Будник;село Костопіль;проспект Докова, буд. 808;+380 20 149 22 96;ustymhavryliv@example.net
Симоненко;Данна;Григорівна;Жіноча;1941-11-07;Сценарист;місто Костопіль;площа Кордонна, буд. 578 кв. 9;879 73 16;tesliaalevtyn@example.com
Чумак;Левко;Сергійович;Чоловіча;1984-12-30;Диригент;хутір Івано-Франківськ;набережна Стамбульський, буд. 467 кв. 359;339 27 62;orobetsostap@example.org
Масляк;Аркадій;Григорович;Чоловіча;1951-05-22;Медик;хутір Іршава;узвіз Дукова, буд. 613 кв. 46;+380 37 423 59 88;boryslavavramchuk@example.com
Габелко;Анастасія;Володимирівна;Жіноча;1942-11-19;Прокурор;село Новогродівка;парк Миргородський, буд. 1 кв. 33;909 56 71;havryshanzhela@example.net
Вишиваний;Роман;Олександрович;Чоловіча;1969-03-17;Промисловець;село Славута;шосе 19-та Лінія, буд. 26;+380 49 188 65 23;les54@example.net
Кабалюк;Ольга;Тарасівна;Жіноча;1966-10-23;Круп'є;селище Балта;площа Глаубермана, буд. 7;+380 14 587-47-73;demianchukomelian@example.net
Худобʼяк;Веніямин;Ігорович;Чоловіча;1990-07-03;Ріелтор;хутір Каховка;парк Дніпропетровська дорога, буд. 638;062 951-62-91;azarmakohon@example.org
Нестеренко;Адам;Олександрович;Чоловіча;1954-12-08;Публіцист;село Канів;шосе Лінійний, буд. 599;429-54-04;hordii90@example.net
Власенко;Вікторія;Миколаївна;Жіноча;1952-02-01;Кіноактор;село Кипуче;провулок Золотий берег, буд. 1;+380 66 863-69-66;iukhymbashtan@example.org
Андріїшин;Ганна;Олегівна;Жіноча;1951-04-28;Педагог;хутір Макіївка;парк Металістів, буд. 631 кв. 301;027 526-29-30;nalyvaikomarusia@example.net
Копитко;Феофан;Олександрович;Чоловіча;1989-04-01;Графік;селище Чорнобиль;вулиця Старосінна, буд. 7 кв. 5;+380 (75) 593-48-08;sandreiko@example.org
Франчук;Давид;Олегович;Чоловіча;1961-08-30;Паралегал;селище Карлівка;набережна Садова 5-та, буд. 141 кв. 8;390-42-28;tarasenkoemiliia@example.com
Петрик;Валентина;Романівна;Жіноча;1988-09-22;Математик;хутір Надвірна;площа Котляревського, буд. 51 кв. 980;+380 29 809-45-84;olehshchyrytsia@example.net
Кащенко;Емілія;Ігорівна;Жіноча;1953-04-04;Пілот;хутір Родинське;вулиця 19-й км Старокиївської дороги, буд. 834 кв. 1;088 209 48 09;iarema72@example.org
Килимник;Златослава;Олегівна;Жіноча;1987-07-16;Музикант;хутір Мостиська;проспект Балківська, буд. 506 кв. 8;073 123 74 49;solomon63@example.net
Акименко;Володимира;Володимирівна;Жіноча;1997-03-01;Археолог;хутір Славутич;парк Скидановська, буд. 512;+380 92 693-82-92;andriiovychanita@example.net
Ґереґа;Софія;Сергіївна;Жіноча;1955-09-06;Програміст;селище Хуст;набережна Немировича-Данченка, буд. 3 кв. 9;+380 64 378-74-90;frebryk@example.com
Дубас;Олег;Григорович;Чоловіча;1970-07-31;Астроном;селище Тернівка;провулок Азербайджан, буд. 9 кв. 954;+380 (60) 559-91-51;ielysavetaatroshchenko@example.net
Деряжний;Марко;Олексійович;Чоловіча;1939-01-04;Пекар;село Канів;парк Аграрна, буд. 98;+380 75 092-39-40;aarontsybulenko@example.com
Запорожець;Амвросій;Тарасович;Чоловіча;1980-12-22;Професор;село Козятин;проспект Якірний, буд. 3 кв. 6;042 769-57-20;kzarudnyi@example.net
Данько;Людмила;Миколаївна;Жіноча;1974-04-14;Пілот;село Нове Давидково;парк Амундсена, 1-й, буд. 86;+380 (73) 185-01-98;zynovii25@example.org
Баранець;Соломон;Миколайович;Чоловіча;1981-07-16;Геофізик;хутір Баранівка;провулок Каштанова, буд. 3;+380 27 906-27-77;arkadiizatovkaniuk@example.org
Тихий;Франц;Тарасович;Чоловіча;1959-10-01;Адвокат;хутір Херсон;провулок Мала Арнаутська, буд. 595 кв. 390;+380 58 317-26-54;akymenkoviktor@example.net
Шеремет;Лариса;Олексіївна;Жіноча;1964-12-20;Няня;хутір Зіньків;площа Ватманський, буд. 09 кв. 67;325-78-35;havryshheorhii@example.org
Демʼянюк;Тереза;Тарасівна;Жіноча;1983-04-03;Маркетолог;місто Антрацит;провулок Одеський, буд. 135 кв. 616;+380 41 502-44-31;tetianakhomyk@example.org
Андрейко;Левко;Романович;Чоловіча;1957-01-14;Петрограф;село Тальне;вулиця Танфільєва, буд. 874;905 68 75;oleszaiets@example.net
Ірванець;Едуард;Вікторович;Чоловіча;1966-01-08;Сценарист;село Решетилівка;шосе Молокова, буд. 92;+380 07 671-75-03;zasenkomykyta@example.net
Медведенко;Роман;Степанович;Чоловіча;1996-10-17;Електротехнік;селище Джанкой;проспект Лиманчик 2-й Лінія 11-та, буд. 2 кв. 3;057 133-47-36;idziuba@example.com
Вергун;Надія;Михайлівна;Жіноча;1970-03-13;Піаніст;місто Вовчанськ;проспект Обривиста, буд. 9;+380 (04) 822-96-53;babiichukaaron@example.org
Демиденко;Миколай;Богданович;Чоловіча;1974-12-10;Медик;селище Виноградів;шосе Петра Калнишевського, буд. 7 кв. 60;018 788 02 90;zorian34@example.org
Черінько;Миколай;Олексійович;Чоловіча;1969-09-01;Науковець;селище Кобеляки;сквер Гаванна, буд. 23;326 93 02;havryshiosyp@example.net
Хорішко;Едита;Вікторівна;Жіноча;1971-01-02;Історик;хутір Олександрія;парк Гена Іоганна, буд. 5 кв. 55;010 805-58-99;dmytrolysenko@example.org
Жарко;Данна;Володимирівна;Жіноча;1983-11-05;Пілот;село Шостка;парк Головківська, буд. 576;+380 19 093-54-96;alina41@example.net
Засенко;Павло;Олександрович;Чоловіча;1995-08-06;Педагог;село Хотин;проспект Тетяни Тесс, буд. 76;+380 91 625 80 10;fbazylevska@example.com
Вдовиченко;Світлана;Михайлівна;Жіноча;1943-02-28;Математик;село Старокостянтинів;шосе Гена Іоганна, буд. 227 кв. 426;063 696 00 11;okseniia11@example.net
Луценко;Болеслав;Олегович;Чоловіча;2007-03-18;Громадський діяч;село Старобільськ;проспект Олександра Кошиця, буд. 003;+380 00 780 36 56;ievtushokanita@example.net
Опанасенко;Василина;Олексіївна;Жіноча;1971-07-13;Акушер;місто Яворів;площа Сергія Коновалова, буд. 0 кв. 161;414-52-93;feofanbaranets@example.com
Філіпенко;Михайлина;Петрівна;Жіноча;2005-05-20;Юрист;селище Василівка;площа Соні Делоне, буд. 03 кв. 50;+380 (76) 622-25-84;bohodarriaboshapka@example.org
Карпа;Герман;Степанович;Чоловіча;1939-02-17;Дантист;село Ізюм;шосе Данила Самойловича, буд. 0;+380 15 756 74 18;xromanenko@example.org
Симоненко;Софія;Анатоліївна;Жіноча;1967-07-15;Антрополог;хутір Довжанськ;площа Бориса Кифоренка, буд. 39 кв. 19;+380 43 067 62 27;skybaleopold@example.net
Гавриленко;Орина;Сергіївна;Жіноча;1995-09-23;Ріелтор;селище Лисичанськ;вулиця Йосипа Фішера, буд. 88;+380 52 494-85-63;odarkavlasenko@example.org
Іващенко;Онисим;Тарасович;Чоловіча;1998-08-21;Ветеринар;селище Гадяч;проспект Кордонний, буд. 567 кв. 48;+380 72 198 77 81;stefan83@example.org
Шаблій;Дмитро;Григорович;Чоловіча;1958-12-30;Геолог;селище Косів;площа Адольфа Лози, буд. 5 кв. 87;+380 75 678-12-74;kierchenko@example.net
Носаченко;Ірена;Дмитрівна;Жіноча;1981-08-17;Складальник;хутір Шахтарськ;провулок Отрадна, буд. 32;134 34 98;vasylashkosvitlana@example.org
Чумак;Христина;Анатоліївна;Жіноча;1956-05-29;Круп'є;хутір Богодухів;проспект Короткий, буд. 36;829 81 17;wievtushenko@example.com
Михалюк;Тереза;Богданівна;Жіноча;1954-12-24;Правник;хутір Люботин;парк Бахчева, буд. 60;+380 99 869-17-82;zynoviikharchenko@example.com
Вертипорох;Опанас;Дмитрович;Чоловіча;1982-12-12;Вчитель;місто Христинівка;провулок Стражеска Миколи, буд. 70;009 611-52-70;valentyntsiupa@example.org
Левченко;Альберт;Олександрович;Чоловіча;2004-12-18;Промисловець;селище Шептицький;провулок Виїзна, буд. 279;+380 (45) 221-79-63;kakymenko@example.org
Бандера;Едуард;Андрійович;Чоловіча;1972-06-27;Медик;місто Татарбунари;площа Різницький, буд. 169 кв. 44;763-58-66;leontii66@example.net
Тригуб;Ада;Іванівна;Жіноча;1978-12-08;Електромонтажник;селище Шостка;узвіз Пшенична, буд. 58;089 184 82 66;giakovenko@example.net
Каденюк;Данило;Володимирович;Чоловіча;1972-01-18;Пілот;селище Ковель;площа Будівельний, буд. 79;377 16 84;orysiaiaremkiv@example.org
Семенченко;Орина;Тарасівна;Жіноча;1950-04-06;Шериф;селище Батурин;парк Дачний 1-й, буд. 375 кв. 8;008 211 29 67;lkhomenko@example.net
Заруба;Ганна;Ігорівна;Жіноча;1954-07-19;Ювелір;місто Щолкіне;сквер Валіховський, буд. 0;+380 45 113-14-14;ykovpak@example.org
Чередник;Вікторія;Олександрівна;Жіноча;1959-09-28;Слідчий;місто Старобільськ;узвіз Обільний 2-й, буд. 1 кв. 63;+380 96 262-65-58;mazurhryhorii@example.com
Скоробогатько;Еріка;Богданівна;Жіноча;1942-06-28;Програміст;село Гадяч;проспект Головна, буд. 684;+380 98 137-69-62;heorhiiverkhovynets@example.com
Карпенко;Ада;Григорівна;Жіноча;1974-03-21;Візажист;хутір Молочанськ;набережна Березова, буд. 2;398-33-51;edytashchors@example.org
Артимишина;Одарка;Олегівна;Жіноча;1984-03-08;Підприємець;селище Обухів;сквер Кримський, буд. 919 кв. 691;+380 21 959-70-11;echumak@example.com
Єрченко;Василь;Анатолійович;Чоловіча;2002-04-05;Географ;хутір Селидове;сквер Лазурний 3-й, буд. 9;+380 89 439-26-21;violettatsiupa@example.org
Іваничук;Азар;Юрійович;Чоловіча;1979-01-16;Дерун;село Сокиряни;провулок Ігоря Балмагії, буд. 8 кв. 518;+380 22 857-60-78;anitachupryna@example.net
Ємельяненко;Марко;Богданович;Чоловіча;1983-01-25;Художник;село Валки;вулиця Колекційна, буд. 18;063 183 59 03;pavlychenkoedyta@example.net
Кабалюк;Едуард;Андрійович;Чоловіча;1985-01-31;Модель;селище Лисичанськ;шосе Героїв Небесної Сотні, буд. 7 кв. 4;+380 88 810-30-03;vitalii30@example.org
Матяш;Адам;Сергійович;Чоловіча;1956-04-29;Прокурор;село Миколаївка;узвіз Савранська, буд. 13 кв. 878;+380 30 797 01 17;stefannazarenko@example.org
Данильчук;Леонтій;Дмитрович;Чоловіча;1978-06-09;Музикознавець;хутір Буськ;сквер Чорноморський 8-й, буд. 919;000 415 25 86;barabashadam@example.com
Жайворон;Ростислав;Юрійович;Чоловіча;1991-02-27;Візажист;хутір Вараш;вулиця Чубаївська, буд. 158;175 30 61;darahanada@example.com
Данченко;Веніямин;Петрович;Чоловіча;1988-07-17;Промисловець;село Помічна;узвіз Кременецький, буд. 4;109-00-80;iaroslava33@example.com
Зубко;Лариса;Богданівна;Жіноча;1998-07-23;Стоматолог;хутір Снігурівка;набережна Головківська, буд. 8;070 933-19-90;giaremkiv@example.net
Стець;Альберт;Дмитрович;Чоловіча;1946-07-06;Гірничий інженер;село Благовіщенське;площа Колонтаївська, буд. 771 кв. 099;+380 41 187-01-81;obandura@example.com
Байдак;Лілія;Сергіївна;Жіноча;1949-07-08;Клоун;хутір Галич;сквер Деволанівський узвіз, буд. 74 кв. 6;+380 (81) 266-31-70;stefan13@example.net
Гайденко;Софія;Олегівна;Жіноча;1942-10-02;Стоматолог;місто Нова Одеса;площа Лінія 28-ма, буд. 44 кв. 1;+380 (50) 440-57-65;arkadiiiushchenko@example.net
Гоголь-Яновська;Юстина;Дмитрівна;Жіноча;2001-03-20;Електрослюсар;хутір Гребінка;вулиця Лінія 41-ша, буд. 055 кв. 73;012 179 37 53;baranetsveniiamyn@example.com
Данькевич;Віолетта;Юріївна;Жіноча;1970-06-06;Науковець;хутір Славутич;площа Кредитний, буд. 991;015 896 87 97;wkhudiak@example.net
Нестеренко;Августин;Григорович;Чоловіча;1943-05-10;Хореограф;хутір Герца;вулиця Морський 2-й, буд. 839;140 69 84;erika03@example.org
Чорновіл;Єфрем;Андрійович;Чоловіча;1965-10-12;Фармацевт;місто Вільнянськ;парк Соляна, буд. 96;073 233-28-51;yshvaika@example.net
Савенко;Ганна;Сергіївна;Жіноча;1961-10-18;Прокурор;село Новояворівськ;узвіз 10-та Лінія Марії Демченко, буд. 339 кв. 8;+380 32 768-31-71;iosyp90@example.org
Цюцюра;Леонтій;Степанович;Чоловіча;1983-05-14;Музикант;село Лутугине;узвіз Молоді, буд. 070 кв. 70;+380 57 876-82-32;tykhyiboleslav@example.com
Товстуха;Мілена;Петрівна;Жіноча;1954-03-29;Громадський діяч;хутір Мелітополь;вулиця Чорноморський, буд. 0;+380 62 141-87-68;okhrymovychherman@example.net
Базилевич;Ігор;Сергійович;Чоловіча;1978-04-07;Хореограф;місто Золоте;набережна Обліпихова, буд. 568 кв. 66;+380 72 523-29-70;fmykhailiuk@example.net
Дутка;Володимира;Миколаївна;Жіноча;1987-12-07;Мікробіолог;хутір Жидачів;шосе Нерубайська, буд. 3 кв. 59;057 946 43 19;rdubenko@example.com
Корбут;Єлисавета;Миколаївна;Жіноча;1947-04-15;Електрослюсар;село Сіверськодонецьк;набережна Полтавська, буд. 06 кв. 8;489-11-22;chabanfrants@example.com
Кабаненко;Зиновій;Володимирович;Чоловіча;1963-11-08;Юрист;хутір Сімферополь;провулок Лазурний 3-й, буд. 80 кв. 213;064 020-05-61;dieshchenko@example.com
Ковалюк;Наталія;Петрівна;Жіноча;1941-03-17;Журналіст;село Вінниця;парк Сірожупанників, буд. 73;+380 58 505 76 31;hbaturynets@example.net
Захаренко;Стефан;Анатолійович;Чоловіча;2007-08-29;Маркетолог;селище Краматорськ;узвіз Поліська, буд. 331 кв. 8;+380 50 099 63 83;riabovilzynovii@example.net
Чуприна;Мартин;Юрійович;Чоловіча;1964-10-29;Професор;хутір Городня;парк Бугаївська, буд. 92 кв. 8;051 367 17 82;wperepelytsia@example.org
Іваничук;Анжела;Дмитрівна;Жіноча;1975-05-14;Маркетолог;селище Бар;проспект Косовський, буд. 460 кв. 02;+380 (24) 481-81-33;priska53@example.net
Зінкевич;Тетяна;Андріївна;Жіноча;1976-04-07;Менеджер;селище Трускавець;узвіз Безіменний, буд. 38;043 82 46;zcherednyk@example.com
Дрозденко;Михайло;Олексійович;Чоловіча;1963-09-04;Будник;місто П'ятихатки;проспект Почаївська, буд. 4 кв. 648;+380 54 708-97-94;ziashchenko@example.com
Штокало;Ірена;Сергіївна;Жіноча;1942-02-15;Юрист;село Гайворон;набережна Уральська, буд. 97 кв. 0;+380 99 768 68 24;panteleimonartemenko@example.com
Тарасенко;Онисим;Андрійович;Чоловіча;1955-11-10;Акушер;хутір Соснівка;шосе Танфільєва, буд. 056 кв. 678;207-62-99;olha04@example.org
Дубина;Святослава;Петрівна;Жіноча;1948-10-13;Конструктор;село Гірське;проспект Героїв прикордонників, буд. 6;286-64-44;igalagan@example.net
Мазур;Альберт;Іванович;Чоловіча;1966-08-30;Слідчий;селище Миронівка;вулиця Квітковий, буд. 18;+380 94 995 28 05;mariana42@example.net
Бабиченко;Устим;Михайлович;Чоловіча;1976-04-16;Складальник;село Скалат;проспект Станційна 1-ша, буд. 627;+380 08 663-23-79;valeriitovstolis@example.org
Самойленко;Стефан;Петрович;Чоловіча;2008-07-15;Модель;селище Погребище;сквер Ігоря Кисельова, буд. 71 кв. 7;+380 30 938-55-02;sbabiak@example.com
Артеменко;Веніямин;Сергійович;Чоловіча;1992-03-02;Фермер;хутір Люботин;сквер Дачний 1-й, буд. 457 кв. 67;+380 32 123 31 16;lysenkoolena@example.org
Дубина;Валерій;Ігорович;Чоловіча;2007-07-09;Няня;хутір Рівне;сквер Миколи Вороного, буд. 072 кв. 7;047 437 81 54;valenkolevko@example.net
Орлик;Сніжана;Олександрівна;Жіноча;1963-08-02;Секретар;місто Корець;проспект Моторний 1-й, буд. 9;+380 69 512 98 94;kovaliuksofiia@example.com
Аверченко;Лілія;Богданівна;Жіноча;1969-03-24;Патологоанатом;селище Інкерман;шосе Затишна, буд. 4 кв. 7;+380 60 043 60 72;amvrosiizharko@example.com
Гоголь;Демид;Сергійович;Чоловіча;1992-01-22;Піаніст;місто Марганець;проспект Сергія Коновалова, буд. 13 кв. 2;+380 (41) 245-30-44;sadamenko@example.com
Вишняк;Віталій;Миколайович;Чоловіча;1939-06-20;Сантехнік;хутір Зміїв;проспект Томатна, буд. 79;440-22-54;hodunokvladyslav@example.com
Якименко;Адам;Олегович;Чоловіча;1957-06-24;Випробувач;місто Нове Давидково;узвіз Мигдальна, буд. 757;+380 45 694-22-86;vadymovcharenko@example.com
Удовиченко;Петро;Андрійович;Чоловіча;1980-12-05;Слідчий;хутір Соледар;сквер Дачний 1-й, буд. 87 кв. 47;+380 49 395-36-66;viacheslavzakusylo@example.net
Ковпак;Анжела;Юріївна;Жіноча;1955-10-22;Ді-джей;місто Одеса;сквер Проектований 3-й, буд. 610 кв. 844;+380 (21) 516-14-32;ushamrai@example.com
Бабариченко;Єва;Вікторівна;Жіноча;1996-02-02;Геофізик;селище Буча;парк Журавлина, буд. 6;480-66-99;kamillaperepelytsia@example.com
Свириденко;Ярослава;Григорівна;Жіноча;1954-11-18;Громадський діяч;село Буча;площа Вапняний 2-й, буд. 1 кв. 851;555 93 24;orest13@example.com
Дергач;Геннадій;Андрійович;Чоловіча;1993-11-12;Маркетолог;хутір Кодима;проспект Рибальська балка, буд. 7 кв. 89;+380 (37) 849-14-46;sviatoslava05@example.net
Щорс;Олег;Тарасович;Чоловіча;1982-04-11;Мінералог;місто Алупка;проспект Хортицька, буд. 2;+380 37 633 77 66;iryna67@example.com
Свириденко;Вадим;Олексійович;Чоловіча;1943-09-19;Детектив;селище Малин;площа Сім'ї Глодан, буд. 74;+380 02 762 83 61;amvrosii64@example.org
Акуленко;Василь;Степанович;Чоловіча;1938-10-11;Електрик;місто Лохвиця;провулок Грузинська, буд. 626;+380 15 280-81-57;iaroslavaieresko@example.com
Євтушок;Валерій;Олегович;Чоловіча;1973-03-16;Геофізик;село Гребінка;парк Бєлякова, буд. 5 кв. 20;+380 66 392 16 73;wzhuchenko@example.com
Оліфіренко;Павло;Григорович;Чоловіча;1966-11-13;Астронавт;хутір Макіївка;площа Партизанської слави, буд. 22;025 178-76-59;iemetsihor@example.net
Дацюк;Лариса;Ігорівна;Жіноча;1994-12-04;Акушер;селище Жовква;провулок Ванний, буд. 67;+380 99 170-30-23;diemelianenko@example.com
Шморгун;Євген;Дмитрович;Чоловіча;2005-10-13;Мірошник;село Тернівка;провулок Палія Семена, буд. 4;587 42 88;zmakohon@example.com
Цимбалюк;Людмила;Юріївна;Жіноча;1953-09-13;Клавішник;місто Курахове;шосе Цимлянська, буд. 5 кв. 5;980 35 53;bzhuk@example.org
Худяк;Єва;Олександрівна;Жіноча;1967-06-04;Електромонтер;хутір Миколаївка;набережна Якірний, буд. 31 кв. 9;+380 33 295-07-13;orkhyp84@example.org
Чала;Орина;Петрівна;Жіноча;1990-02-28;Електромонтер;хутір Ржищів;парк Райдужна, буд. 2;+380 53 406-13-87;ostap22@example.net
Андріїшин;Валентин;Григорович;Чоловіча;1965-04-30;Дантист;місто Березне;проспект Середньофонтанська, буд. 49;+380 83 765-98-57;tsiutsiuraielysei@example.net
Литвин;Гордій;Богданович;Чоловіча;1944-06-11;Диригент;селище Білицьке;провулок Михайла Грушевського, буд. 5 кв. 8;332-04-87;erikadubyna@example.com
Дашенко;Леонід;Михайлович;Чоловіча;1994-09-16;Менеджер;село Феодосія;парк Михайла Грушевського, буд. 0 кв. 20;642 21 64;orlyklarysa@example.net
Голик;Франц;Миколайович;Чоловіча;1989-06-14;Ювелір;хутір Вугледар;провулок Суднобудівний, буд. 7;+380 (62) 832-11-14;illiabandura@example.net
Рева;Ліза;Степанівна;Жіноча;1951-09-26;Історик;селище Баранівка;узвіз Школярський, буд. 04;178-68-64;tartiukh@example.org
Гайдабура;Алевтин;Андрійович;Чоловіча;1939-12-20;Соціолог;хутір Родинське;узвіз Літня, буд. 6 кв. 7;033 358-15-54;qshynkarenko@example.net
Юрчук;Владислав;Сергійович;Чоловіча;1996-07-13;Ботанік;село Нова Одеса;узвіз Лазурний 1-й, буд. 659 кв. 63;+380 84 252-77-63;kadeniukkyrylo@example.com
Супруненко;Лариса;Григорівна;Жіноча;1943-11-16;Музикознавець;місто Феодосія;шосе Академіка Липського, буд. 35;+380 80 253 76 04;leontiizaporozhets@example.com
Атрощенко;Ада;Сергіївна;Жіноча;1960-08-20;Нотаріус;село Долинська;проспект Новаторів, буд. 2;+380 69 736-47-15;boryslav98@example.net
Запорожець;Панас;Петрович;Чоловіча;1976-10-12;Гірничий інженер;хутір Кролевець;узвіз Дніпровська, буд. 8 кв. 2;+380 03 104-74-92;albinaorobets@example.org
Юхименко;Анастасія;Олександрівна;Жіноча;2001-02-25;Кінорежисер;село Деражня;сквер Нафтовиків 2-й, буд. 0 кв. 2;+380 29 299 67 15;ypetryk@example.net
Данько;Віра;Володимирівна;Жіноча;1996-09-05;Соціолог;місто Сторожинець;узвіз Танкістів, буд. 661;068 493 69 59;danyliuksvitlana@example.org
Цюпа;Тарас;Тарасович;Чоловіча;1951-10-29;Мовознавець;хутір Лебедин;парк Райдужна, буд. 93 кв. 2;+380 59 026-34-49;zorian91@example.com
Колесниченко;Віолетта;Ігорівна;Жіноча;1982-12-12;Адвокат;селище Середина-Буда;шосе Інглезі, буд. 771 кв. 5;+380 10 082-00-97;cchuiko@example.net
Павличенко;Володимира;Григорівна;Жіноча;1982-01-20;Клавішник;село Середина-Буда;узвіз Лесі Українки, буд. 56 кв. 882;+380 48 766 46 00;upushkar@example.com
Ґжицький;Устим;Олексійович;Чоловіча;1958-03-21;Клоун;село Чигирин;узвіз Флейтовий, буд. 579;+380 81 014-45-13;gzaiets@example.com
Андрієнко;Ярина;Петрівна;Жіноча;1949-02-22;Сценарист;місто Стебник;парк Мацієвської, буд. 709 кв. 6;+380 82 502 88 00;illiamatviienko@example.net
Бабенко;Ярослава;Анатоліївна;Жіноча;1987-11-07;Ювелір;хутір Горлівка;проспект Лінія 29-та, буд. 67 кв. 064;889 96 76;ostap65@example.net
Авдєєнко;Павло;Володимирович;Чоловіча;1950-06-27;Ді-джей;село Гола Пристань;вулиця Азербайджан, буд. 59 кв. 5;+380 62 863-95-68;trokhym99@example.net
Чекалюк;Олександр;Сергійович;Чоловіча;1950-01-29;Доцент;хутір Дунаївці;парк Естонська, буд. 811 кв. 34;+380 41 796-65-28;svyrydenkoielysaveta@example.net
Лупій;Франц;Андрійович;Чоловіча;1980-05-25;Електромонтер;місто Горішні Плавні;шосе Лінійний, буд. 1;325 35 54;nkhorishko@example.com
Яковенко;Олександр;Олексійович;Чоловіча;1974-08-02;Штукатур;село Кременець;шосе Верхня, буд. 9;010 673 94 46;solomiia46@example.com
Матяш;Спас;Романович;Чоловіча;1944-08-01;Євнух;село Хрустальний;набережна Ференца Ліста, буд. 18;+380 78 231 97 50;iurchyshynabohuslav@example.com
Черненко;Олена;Анатоліївна;Жіноча;1973-11-05;Бібліограф;хутір Сімферополь;сквер Жолкова Бориса, буд. 4 кв. 807;+380 98 211-71-20;shamraiustym@example.com
Гаврилюк;Назар;Андрійович;Чоловіча;1972-06-20;Психолог;селище Подільськ;площа Східчастий 3-й, буд. 23 кв. 7;988-88-56;dzhusfeofan@example.org
Терещенко;Віталій;Богданович;Чоловіча;2006-07-30;Музичний редактор;місто Мостиська;площа Дмитра Годзенка, буд. 81;098 628-46-91;ihnatiakovenko@example.com
Єфименко;Олена;Миколаївна;Жіноча;1959-05-03;Музикознавець;місто Ворожба;вулиця Чумацька, буд. 8 кв. 50;+380 01 670-10-23;fastenkoada@example.com
Ільченко;Святослава;Миколаївна;Жіноча;1971-11-01;Футболіст;село Новояворівськ;сквер Рози вітрів, буд. 520;029 826-01-60;mykytaiashchenko@example.net
Черненко;Едита;Олегівна;Жіноча;1962-12-26;Правник;село Покров;шосе Софіївська, буд. 881 кв. 999;+380 (22) 789-74-61;larysa58@example.net
Заруба;Веніямин;Степанович;Чоловіча;2007-08-28;Музикознавець;село Алушта;провулок Аркадіївський, буд. 5 кв. 10;058 425-10-17;dokhrymovych@example.org
Артимович;Тетяна;Олегівна;Жіноча;1948-06-08;Випробувач;село Сіверськ;провулок Теплична, буд. 1;+380 (26) 736-38-25;hryhorii68@example.com
Єсипенко;Людмила;Григорівна;Жіноча;1978-09-26;Гірничий інженер;селище Миронівка;парк Лінія 24-та, буд. 23;095 957-53-47;fkarpa@example.org
Бгиденко;Охрім;Петрович;Чоловіча;1953-06-11;Стоматолог;село Вільногірськ;шосе Андрія Сови, буд. 48 кв. 605;+380 (48) 432-22-24;vradchenko@example.net
Лукаш;Вікторія;Володимирівна;Жіноча;2005-07-09;Агроном;хутір Вознесенськ;проспект Монгольська, буд. 33 кв. 19;786 57 09;danna27@example.net
Гавриленко;Юхим;Володимирович;Чоловіча;1968-02-15;Археолог;місто Копичинці;сквер Петра Біциллі, буд. 72 кв. 22;803 51 80;nvasylevych@example.net
Худяк;Пармен;Миколайович;Чоловіча;1940-01-05;Епідеміолог;хутір Гайворон;провулок Біржова, буд. 979 кв. 5;+380 16 736 41 38;shvachkoiaryna@example.com
Данченко;Данило;Тарасович;Чоловіча;2007-01-21;Модель;хутір Лебедин;провулок Тиха, буд. 825 кв. 222;075 745 33 64;taras26@example.com
Непорожній;Микита;Миколайович;Чоловіча;1986-12-14;Електромонтер;місто Білицьке;вулиця Академіка Ясиновського, буд. 34;510-56-39;nestor90@example.com
Пелех;Антон;Михайлович;Чоловіча;1970-12-31;Мінералог;селище Луцьк;узвіз Рівний, буд. 359 кв. 1;+380 51 422 31 75;oleksandrdatsenko@example.org
Бабич;Захар;Ігорович;Чоловіча;2005-04-02;Біолог;хутір Верхівцеве;набережна Монастирський, буд. 3;+380 05 296 57 19;taras54@example.org
Тарасенко;Панас;Вікторович;Чоловіча;1984-10-20;Клавішник;хутір Овруч;парк Чорноморський 3-й, буд. 6;+380 84 125-03-77;rbandera@example.com
Верховинець;Мирослав;Володимирович;Чоловіча;2003-04-07;Стоматолог;хутір Ямпіль;площа Ждахи, буд. 7;+380 62 829-73-39;qpryimak@example.org
Павленко;Станіслав;Григорович;Чоловіча;2008-03-12;Доцент;хутір Краматорськ;узвіз Трусовська, буд. 99;+380 61 400-96-37;sbatih@example.org
Савенко;Олена;Андріївна;Жіноча;1944-12-15;Диригент;село Звенигородка;сквер Яблунева, буд. 0;+380 45 316-21-26;martyn76@example.org
Ґалаґан;Яків;Романович;Чоловіча;1994-02-03;Графік;селище Чуднів;узвіз 1-ша Лінія 6-й ст. Люстдорфської дороги, буд. 087 кв. 552;+380 (63) 138-39-44;svyrydenkomakar@example.org
Швачка;Розалія;Олександрівна;Жіноча;1965-07-17;Ріелтор;село Шептицький;набережна Покровський, буд. 455 кв. 890;078 062-85-99;shutkoihnat@example.net
Скоробогатько;Ганна;Ігорівна;Жіноча;1997-01-04;Фрілансер;селище Ямпіль;парк Солонцюватий, буд. 9 кв. 021;955-45-64;varkhymovych@example.com
Дробʼязко;Хома;Григорович;Чоловіча;1938-10-17;Кінолог;селище Кременчук;провулок Армійська, буд. 6;+380 35 332-72-49;akymenkobohdanna@example.net
Валенко;Єва;Петрівна;Жіноча;1973-01-20;Архітектор;селище Вільногірськ;вулиця Довга, буд. 9;+380 (24) 950-26-76;xlevchenko@example.net
Журба;Богданна;Дмитрівна;Жіноча;1996-08-01;Фрілансер;селище Рені;узвіз Красива, буд. 496 кв. 438;891-49-00;vertyporokhoksana@example.net
Батюк;Пармен;Михайлович;Чоловіча;2008-06-23;Маркетолог;місто Острог;вулиця Флотський 4-й, буд. 7 кв. 90;+380 34 279-71-86;ipavlyk@example.com
Романчук;Петро;Вікторович;Чоловіча;1970-01-29;Кінорежисер;село Сімферополь;сквер Матроський, буд. 3 кв. 78;021 735-08-03;iosyp33@example.org
Литвин;Іван;Богданович;Чоловіча;2006-10-20;Футболіст;селище Берестечко;проспект Проектований 3-й, буд. 3;601-03-41;hlibtereshchenko@example.net
